id,created_at,direction,frame_number,timestamp_sec,class_id,class_name,confidence,x1,y1,x2,y2,track_id
408,2026-06-24 10:54:29,west,1815,60.5605,2,car,0.5821,b'1\x01\x00\x00\x00\x00\x00\x00',b'p\x00\x00\x00\x00\x00\x00\x00',b'E\x01\x00\x00\x00\x00\x00\x00',b'\x84\x00\x00\x00\x00\x00\x00\x00',2082
407,2026-06-24 10:54:29,west,1815,60.5605,2,car,0.606,b'\xa7\x00\x00\x00\x00\x00\x00\x00',b'X\x00\x00\x00\x00\x00\x00\x00',b'\xb1\x00\x00\x00\x00\x00\x00\x00',b'e\x00\x00\x00\x00\x00\x00\x00',2081
406,2026-06-24 10:54:29,west,1815,60.5605,2,car,0.6309,b't\x00\x00\x00\x00\x00\x00\x00',b't\x00\x00\x00\x00\x00\x00\x00',b'\x85\x00\x00\x00\x00\x00\x00\x00',b'\x8a\x00\x00\x00\x00\x00\x00\x00',2080
405,2026-06-24 10:54:29,west,1815,60.5605,2,car,0.6922,b'u\x01\x00\x00\x00\x00\x00\x00',b'\xa1\x00\x00\x00\x00\x00\x00\x00',b'\x9f\x01\x00\x00\x00\x00\x00\x00',b'\xcd\x00\x00\x00\x00\x00\x00\x00',2079
404,2026-06-24 10:54:29,west,1815,60.5605,2,car,0.7002,b'^\x00\x00\x00\x00\x00\x00\x00',b'o\x00\x00\x00\x00\x00\x00\x00',b'q\x00\x00\x00\x00\x00\x00\x00',b'\x82\x00\x00\x00\x00\x00\x00\x00',2078
403,2026-06-24 10:54:29,west,1815,60.5605,2,car,0.7081,b'\x00\x00\x00\x00\x00\x00\x00\x00',b'\x9b\x00\x00\x00\x00\x00\x00\x00',b'.\x00\x00\x00\x00\x00\x00\x00',b'\xcf\x00\x00\x00\x00\x00\x00\x00',2077
402,2026-06-24 10:54:29,west,1815,60.5605,2,car,0.725,b'\x0b\x01\x00\x00\x00\x00\x00\x00',b'^\x00\x00\x00\x00\x00\x00\x00',b'\x19\x01\x00\x00\x00\x00\x00\x00',b'p\x00\x00\x00\x00\x00\x00\x00',2076
401,2026-06-24 10:54:29,west,1800,60.06,2,car,0.6487,b'\x19\x01\x00\x00\x00\x00\x00\x00',b'l\x00\x00\x00\x00\x00\x00\x00',b'.\x01\x00\x00\x00\x00\x00\x00',b'\x83\x00\x00\x00\x00\x00\x00\x00',2053
400,2026-06-24 10:54:29,west,1800,60.06,2,car,0.7285,b'\x8d\x00\x00\x00\x00\x00\x00\x00',b'c\x00\x00\x00\x00\x00\x00\x00',b'\x99\x00\x00\x00\x00\x00\x00\x00',b'p\x00\x00\x00\x00\x00\x00\x00',2052
399,2026-06-24 10:54:29,west,1800,60.06,2,car,0.7915,b'N\x00\x00\x00\x00\x00\x00\x00',b'u\x00\x00\x00\x00\x00\x00\x00',b'e\x00\x00\x00\x00\x00\x00\x00',b'\x93\x00\x00\x00\x00\x00\x00\x00',2051
398,2026-06-24 10:54:29,west,1800,60.06,2,car,0.8227,b'T\x01\x00\x00\x00\x00\x00\x00',b'\x8c\x00\x00\x00\x00\x00\x00\x00',b's\x01\x00\x00\x00\x00\x00\x00',b'\xa8\x00\x00\x00\x00\x00\x00\x00',2050
397,2026-06-24 10:54:29,west,1800,60.06,2,car,0.8731,b'z\x00\x00\x00\x00\x00\x00\x00',b'`\x00\x00\x00\x00\x00\x00\x00',b'\x87\x00\x00\x00\x00\x00\x00\x00',b'n\x00\x00\x00\x00\x00\x00\x00',2049
396,2026-06-24 10:54:29,west,1785,59.5595,2,car,0.4921,b'o\x01\x00\x00\x00\x00\x00\x00',b'%\x00\x00\x00\x00\x00\x00\x00',b'|\x01\x00\x00\x00\x00\x00\x00',b'0\x00\x00\x00\x00\x00\x00\x00',2023
395,2026-06-24 10:54:29,west,1785,59.5595,2,car,0.6647,b'\x04\x01\x00\x00\x00\x00\x00\x00',b'm\x00\x00\x00\x00\x00\x00\x00',b'\x12\x01\x00\x00\x00\x00\x00\x00',b'~\x00\x00\x00\x00\x00\x00\x00',2022
394,2026-06-24 10:54:29,west,1785,59.5595,2,car,0.724,b'4\x01\x00\x00\x00\x00\x00\x00',b'\x83\x00\x00\x00\x00\x00\x00\x00',b'S\x01\x00\x00\x00\x00\x00\x00',b'\xa7\x00\x00\x00\x00\x00\x00\x00',2021
393,2026-06-24 10:54:29,west,1785,59.5595,2,car,0.8613,b'q\x00\x00\x00\x00\x00\x00\x00',b'c\x00\x00\x00\x00\x00\x00\x00',b'\x81\x00\x00\x00\x00\x00\x00\x00',b'v\x00\x00\x00\x00\x00\x00\x00',2020
392,2026-06-24 10:54:29,west,1770,59.059,2,car,0.4367,b'+\x01\x00\x00\x00\x00\x00\x00',b'w\x00\x00\x00\x00\x00\x00\x00',b'E\x01\x00\x00\x00\x00\x00\x00',b'\x94\x00\x00\x00\x00\x00\x00\x00',1998
391,2026-06-24 10:54:29,west,1770,59.059,2,car,0.4465,b'{\x01\x00\x00\x00\x00\x00\x00',b'&\x00\x00\x00\x00\x00\x00\x00',b'\x8a\x01\x00\x00\x00\x00\x00\x00',b'0\x00\x00\x00\x00\x00\x00\x00',1997
390,2026-06-24 10:54:29,west,1770,59.059,2,car,0.471,b'Q\x00\x00\x00\x00\x00\x00\x00',b'\x83\x00\x00\x00\x00\x00\x00\x00',b'm\x00\x00\x00\x00\x00\x00\x00',b'\xa8\x00\x00\x00\x00\x00\x00\x00',1996
389,2026-06-24 10:54:29,west,1770,59.059,2,car,0.5854,b'o\x01\x00\x00\x00\x00\x00\x00',b'\xbd\x00\x00\x00\x00\x00\x00\x00',b'\x9f\x01\x00\x00\x00\x00\x00\x00',b'\xf9\x00\x00\x00\x00\x00\x00\x00',1995
388,2026-06-24 10:54:29,west,1770,59.059,2,car,0.6469,b'\x86\x00\x00\x00\x00\x00\x00\x00',b'X\x00\x00\x00\x00\x00\x00\x00',b'\x92\x00\x00\x00\x00\x00\x00\x00',b'e\x00\x00\x00\x00\x00\x00\x00',1994
387,2026-06-24 10:54:29,west,1770,59.059,2,car,0.7251,b'\x17\x01\x00\x00\x00\x00\x00\x00',b'\x8a\x00\x00\x00\x00\x00\x00\x00',b'/\x01\x00\x00\x00\x00\x00\x00',b'\xa7\x00\x00\x00\x00\x00\x00\x00',1993
386,2026-06-24 10:54:29,west,1755,58.5585,2,car,0.4424,b'3\x01\x00\x00\x00\x00\x00\x00',b'p\x00\x00\x00\x00\x00\x00\x00',b'G\x01\x00\x00\x00\x00\x00\x00',b'\x85\x00\x00\x00\x00\x00\x00\x00',1971
385,2026-06-24 10:54:29,west,1755,58.5585,2,car,0.4466,b'\x88\x01\x00\x00\x00\x00\x00\x00',b'&\x00\x00\x00\x00\x00\x00\x00',b'\x99\x01\x00\x00\x00\x00\x00\x00',b'3\x00\x00\x00\x00\x00\x00\x00',1970
384,2026-06-24 10:54:29,west,1755,58.5585,2,car,0.5121,b'\x16\x01\x00\x00\x00\x00\x00\x00',b'\xd8\x00\x00\x00\x00\x00\x00\x00',b'A\x01\x00\x00\x00\x00\x00\x00',b'\x13\x01\x00\x00\x00\x00\x00\x00',1969
383,2026-06-24 10:54:29,west,1755,58.5585,2,car,0.578,b'V\x01\x00\x00\x00\x00\x00\x00',b'\x9e\x00\x00\x00\x00\x00\x00\x00',b'\x84\x01\x00\x00\x00\x00\x00\x00',b'\xce\x00\x00\x00\x00\x00\x00\x00',1968
382,2026-06-24 10:54:29,west,1755,58.5585,2,car,0.6089,b'z\x00\x00\x00\x00\x00\x00\x00',b'j\x00\x00\x00\x00\x00\x00\x00',b'\x8b\x00\x00\x00\x00\x00\x00\x00',b'\x82\x00\x00\x00\x00\x00\x00\x00',1967
381,2026-06-24 10:54:29,west,1755,58.5585,2,car,0.6216,b'\xfe\x00\x00\x00\x00\x00\x00\x00',b'f\x00\x00\x00\x00\x00\x00\x00',b'\x0b\x01\x00\x00\x00\x00\x00\x00',b'w\x00\x00\x00\x00\x00\x00\x00',1966
380,2026-06-24 10:54:29,west,1755,58.5585,2,car,0.7974,b'L\x01\x00\x00\x00\x00\x00\x00',b'\xdc\x00\x00\x00\x00\x00\x00\x00',b'\x84\x01\x00\x00\x00\x00\x00\x00',b'\x13\x01\x00\x00\x00\x00\x00\x00',1965
379,2026-06-24 10:54:29,west,1740,58.058,2,car,0.5053,b'\x8f\x00\x00\x00\x00\x00\x00\x00',b']\x00\x00\x00\x00\x00\x00\x00',b'\x9c\x00\x00\x00\x00\x00\x00\x00',b'p\x00\x00\x00\x00\x00\x00\x00',1942
378,2026-06-24 10:54:29,west,1740,58.058,2,car,0.6332,b'W\x01\x00\x00\x00\x00\x00\x00',b'\x8c\x00\x00\x00\x00\x00\x00\x00',b'v\x01\x00\x00\x00\x00\x00\x00',b'\xad\x00\x00\x00\x00\x00\x00\x00',1941
377,2026-06-24 10:54:29,west,1725,57.5575,7,truck,0.4407,b'\xff\x00\x00\x00\x00\x00\x00\x00',b'\xa9\x00\x00\x00\x00\x00\x00\x00',b'\x1a\x01\x00\x00\x00\x00\x00\x00',b'\xd2\x00\x00\x00\x00\x00\x00\x00',1924
376,2026-06-24 10:54:29,west,1725,57.5575,2,car,0.5078,b'&\x01\x00\x00\x00\x00\x00\x00',b'\xa4\x00\x00\x00\x00\x00\x00\x00',b'E\x01\x00\x00\x00\x00\x00\x00',b'\xcb\x00\x00\x00\x00\x00\x00\x00',1923
375,2026-06-24 10:54:29,west,1725,57.5575,2,car,0.6022,b'\xeb\x00\x00\x00\x00\x00\x00\x00',b'p\x00\x00\x00\x00\x00\x00\x00',b'\xf9\x00\x00\x00\x00\x00\x00\x00',b'\x83\x00\x00\x00\x00\x00\x00\x00',1922
374,2026-06-24 10:54:29,west,1710,57.057,5,bus,0.4043,b'4\x01\x00\x00\x00\x00\x00\x00',b'B\x01\x00\x00\x00\x00\x00\x00',b'\x86\x01\x00\x00\x00\x00\x00\x00',b'\x9f\x01\x00\x00\x00\x00\x00\x00',1903
373,2026-06-24 10:54:29,west,1710,57.057,2,car,0.4234,b'4\x01\x00\x00\x00\x00\x00\x00',b'B\x01\x00\x00\x00\x00\x00\x00',b'\x86\x01\x00\x00\x00\x00\x00\x00',b'\x9f\x01\x00\x00\x00\x00\x00\x00',1903
372,2026-06-24 10:54:29,west,1710,57.057,2,car,0.573,b'8\x00\x00\x00\x00\x00\x00\x00',b'\x8b\x00\x00\x00\x00\x00\x00\x00',b'S\x00\x00\x00\x00\x00\x00\x00',b'\xa7\x00\x00\x00\x00\x00\x00\x00',1901
371,2026-06-24 10:54:29,west,1710,57.057,2,car,0.6203,b'\xf6\x00\x00\x00\x00\x00\x00\x00',b'\x88\x00\x00\x00\x00\x00\x00\x00',b'\t\x01\x00\x00\x00\x00\x00\x00',b'\xa6\x00\x00\x00\x00\x00\x00\x00',1900
370,2026-06-24 10:54:29,west,1695,56.5565,2,car,0.4328,b'7\x00\x00\x00\x00\x00\x00\x00',b'\xa3\x00\x00\x00\x00\x00\x00\x00',b'[\x00\x00\x00\x00\x00\x00\x00',b'\xcc\x00\x00\x00\x00\x00\x00\x00',1881
369,2026-06-24 10:54:29,west,1695,56.5565,2,car,0.5063,b'\x0b\x01\x00\x00\x00\x00\x00\x00',b'j\x00\x00\x00\x00\x00\x00\x00',b'\x17\x01\x00\x00\x00\x00\x00\x00',b'w\x00\x00\x00\x00\x00\x00\x00',1880
368,2026-06-24 10:54:29,west,1695,56.5565,2,car,0.5083,b'2\x01\x00\x00\x00\x00\x00\x00',b'u\x00\x00\x00\x00\x00\x00\x00',b'J\x01\x00\x00\x00\x00\x00\x00',b'\x8e\x00\x00\x00\x00\x00\x00\x00',1879
367,2026-06-24 10:54:29,west,1695,56.5565,2,car,0.5415,b'\x84\x01\x00\x00\x00\x00\x00\x00',b'/\x00\x00\x00\x00\x00\x00\x00',b'\x92\x01\x00\x00\x00\x00\x00\x00',b';\x00\x00\x00\x00\x00\x00\x00',1878
366,2026-06-24 10:54:29,west,1695,56.5565,2,car,0.5511,b'\r\x01\x00\x00\x00\x00\x00\x00',b'\xc7\x00\x00\x00\x00\x00\x00\x00',b'1\x01\x00\x00\x00\x00\x00\x00',b'\xf8\x00\x00\x00\x00\x00\x00\x00',1877
365,2026-06-24 10:54:29,west,1695,56.5565,2,car,0.601,b'M\x01\x00\x00\x00\x00\x00\x00',b'\xa1\x00\x00\x00\x00\x00\x00\x00',b'{\x01\x00\x00\x00\x00\x00\x00',b'\xd1\x00\x00\x00\x00\x00\x00\x00',1876
364,2026-06-24 10:54:29,west,1695,56.5565,2,car,0.7399,b'g\x00\x00\x00\x00\x00\x00\x00',b's\x00\x00\x00\x00\x00\x00\x00',b'x\x00\x00\x00\x00\x00\x00\x00',b'\x85\x00\x00\x00\x00\x00\x00\x00',1875
363,2026-06-24 10:54:29,west,1680,56.056,2,car,0.4411,b'k\x01\x00\x00\x00\x00\x00\x00',b'.\x00\x00\x00\x00\x00\x00\x00',b'z\x01\x00\x00\x00\x00\x00\x00',b':\x00\x00\x00\x00\x00\x00\x00',1851
362,2026-06-24 10:54:29,west,1680,56.056,2,car,0.4607,b'\x92\x01\x00\x00\x00\x00\x00\x00',b'/\x00\x00\x00\x00\x00\x00\x00',b'\x9f\x01\x00\x00\x00\x00\x00\x00',b'>\x00\x00\x00\x00\x00\x00\x00',1850
361,2026-06-24 10:54:29,west,1680,56.056,2,car,0.6049,b'\x80\x00\x00\x00\x00\x00\x00\x00',b'f\x00\x00\x00\x00\x00\x00\x00',b'\x8c\x00\x00\x00\x00\x00\x00\x00',b't\x00\x00\x00\x00\x00\x00\x00',1849
360,2026-06-24 10:54:29,west,1680,56.056,2,car,0.6341,b'o\x00\x00\x00\x00\x00\x00\x00',b'~\x00\x00\x00\x00\x00\x00\x00',b'\x85\x00\x00\x00\x00\x00\x00\x00',b'\x96\x00\x00\x00\x00\x00\x00\x00',1848
359,2026-06-24 10:54:29,west,1680,56.056,2,car,0.694,b'\x1a\x01\x00\x00\x00\x00\x00\x00',b'z\x00\x00\x00\x00\x00\x00\x00',b'*\x01\x00\x00\x00\x00\x00\x00',b'\x8c\x00\x00\x00\x00\x00\x00\x00',1847
358,2026-06-24 10:54:29,west,1665,55.5555,2,car,0.4038,b'u\x01\x00\x00\x00\x00\x00\x00',b'.\x00\x00\x00\x00\x00\x00\x00',b'\x88\x01\x00\x00\x00\x00\x00\x00',b';\x00\x00\x00\x00\x00\x00\x00',1834
357,2026-06-24 10:54:29,west,1665,55.5555,2,car,0.5896,b'\x8c\x00\x00\x00\x00\x00\x00\x00',b'l\x00\x00\x00\x00\x00\x00\x00',b'\x99\x00\x00\x00\x00\x00\x00\x00',b'~\x00\x00\x00\x00\x00\x00\x00',1833
356,2026-06-24 10:54:29,west,1650,55.055,2,car,0.471,b'\x9a\x00\x00\x00\x00\x00\x00\x00',b'Y\x00\x00\x00\x00\x00\x00\x00',b'\xa7\x00\x00\x00\x00\x00\x00\x00',b'm\x00\x00\x00\x00\x00\x00\x00',1818
355,2026-06-24 10:54:29,west,1650,55.055,2,car,0.5305,b'\x84\x01\x00\x00\x00\x00\x00\x00',b'.\x00\x00\x00\x00\x00\x00\x00',b'\x97\x01\x00\x00\x00\x00\x00\x00',b'=\x00\x00\x00\x00\x00\x00\x00',1817
354,2026-06-24 10:54:29,west,1650,55.055,2,car,0.7865,b't\x01\x00\x00\x00\x00\x00\x00',b'\xdc\x00\x00\x00\x00\x00\x00\x00',b'\x9f\x01\x00\x00\x00\x00\x00\x00',b'\x0e\x01\x00\x00\x00\x00\x00\x00',1816
353,2026-06-24 10:54:29,west,1650,55.055,2,car,0.7923,b'J\x00\x00\x00\x00\x00\x00\x00',b'\x92\x00\x00\x00\x00\x00\x00\x00',b'f\x00\x00\x00\x00\x00\x00\x00',b'\xb3\x00\x00\x00\x00\x00\x00\x00',1815
352,2026-06-24 10:54:29,west,1635,54.5545,2,car,0.5993,b'\x93\x01\x00\x00\x00\x00\x00\x00',b'.\x00\x00\x00\x00\x00\x00\x00',b'\x9f\x01\x00\x00\x00\x00\x00\x00',b'=\x00\x00\x00\x00\x00\x00\x00',1802
351,2026-06-24 10:54:29,west,1635,54.5545,2,car,0.8105,b'B\x01\x00\x00\x00\x00\x00\x00',b'\x13\x01\x00\x00\x00\x00\x00\x00',b'\x8e\x01\x00\x00\x00\x00\x00\x00',b's\x01\x00\x00\x00\x00\x00\x00',1801
350,2026-06-24 10:54:29,west,1635,54.5545,2,car,0.8582,b'x\x00\x00\x00\x00\x00\x00\x00',b't\x00\x00\x00\x00\x00\x00\x00',b'\x88\x00\x00\x00\x00\x00\x00\x00',b'\x87\x00\x00\x00\x00\x00\x00\x00',1800
349,2026-06-24 10:54:29,west,1620,54.054,2,car,0.6607,b'\x8f\x00\x00\x00\x00\x00\x00\x00',b'f\x00\x00\x00\x00\x00\x00\x00',b'\x9a\x00\x00\x00\x00\x00\x00\x00',b't\x00\x00\x00\x00\x00\x00\x00',1796
348,2026-06-24 10:54:29,west,1575,52.5525,2,car,0.4246,b'\x10\x00\x00\x00\x00\x00\x00\x00',b'\x9b\x00\x00\x00\x00\x00\x00\x00',b'>\x00\x00\x00\x00\x00\x00\x00',b'\xcc\x00\x00\x00\x00\x00\x00\x00',1784
347,2026-06-24 10:54:29,west,1575,52.5525,2,car,0.6929,b'\x00\x00\x00\x00\x00\x00\x00\x00',b' \x01\x00\x00\x00\x00\x00\x00',b'\x18\x00\x00\x00\x00\x00\x00\x00',b'\x7f\x01\x00\x00\x00\x00\x00\x00',1783
346,2026-06-24 10:54:29,west,1560,52.052,2,car,0.5403,b'`\x00\x00\x00\x00\x00\x00\x00',b'\x9c\x00\x00\x00\x00\x00\x00\x00',b'\x81\x00\x00\x00\x00\x00\x00\x00',b'\xcb\x00\x00\x00\x00\x00\x00\x00',1773
345,2026-06-24 10:54:29,west,1560,52.052,2,car,0.5914,b'M\x00\x00\x00\x00\x00\x00\x00',b'~\x00\x00\x00\x00\x00\x00\x00',b'h\x00\x00\x00\x00\x00\x00\x00',b'\x9b\x00\x00\x00\x00\x00\x00\x00',1772
344,2026-06-24 10:54:29,west,1560,52.052,2,car,0.5917,b'x\x00\x00\x00\x00\x00\x00\x00',b'{\x00\x00\x00\x00\x00\x00\x00',b'\x8a\x00\x00\x00\x00\x00\x00\x00',b'\x91\x00\x00\x00\x00\x00\x00\x00',1771
343,2026-06-24 10:54:29,west,1545,51.5515,7,truck,0.4773,b'\x02\x00\x00\x00\x00\x00\x00\x00',b'\xbd\x00\x00\x00\x00\x00\x00\x00',b'7\x00\x00\x00\x00\x00\x00\x00',b'\xfc\x00\x00\x00\x00\x00\x00\x00',1759
342,2026-06-24 10:54:29,west,1545,51.5515,2,car,0.5875,b'm\x00\x00\x00\x00\x00\x00\x00',b'o\x00\x00\x00\x00\x00\x00\x00',b'\x7f\x00\x00\x00\x00\x00\x00\x00',b'\x83\x00\x00\x00\x00\x00\x00\x00',1758
341,2026-06-24 10:54:29,west,1530,51.051,2,car,0.7295,b'T\x00\x00\x00\x00\x00\x00\x00',b'\x8c\x00\x00\x00\x00\x00\x00\x00',b'o\x00\x00\x00\x00\x00\x00\x00',b'\xae\x00\x00\x00\x00\x00\x00\x00',1746
340,2026-06-24 10:54:29,west,1530,51.051,2,car,0.7434,b'\x80\x00\x00\x00\x00\x00\x00\x00',b'd\x00\x00\x00\x00\x00\x00\x00',b'\x8e\x00\x00\x00\x00\x00\x00\x00',b'u\x00\x00\x00\x00\x00\x00\x00',1745
339,2026-06-24 10:54:29,west,1530,51.051,2,car,0.7936,b'\xe9\x00\x00\x00\x00\x00\x00\x00',b'v\x00\x00\x00\x00\x00\x00\x00',b'\xf7\x00\x00\x00\x00\x00\x00\x00',b'\x88\x00\x00\x00\x00\x00\x00\x00',1744
338,2026-06-24 10:54:29,west,1515,50.5505,2,car,0.4265,b'\x8d\x00\x00\x00\x00\x00\x00\x00',b'^\x00\x00\x00\x00\x00\x00\x00',b'\x97\x00\x00\x00\x00\x00\x00\x00',b'l\x00\x00\x00\x00\x00\x00\x00',1730
337,2026-06-24 10:54:29,west,1515,50.5505,2,car,0.4286,b'\x00\x00\x00\x00\x00\x00\x00\x00',b'\xc4\x00\x00\x00\x00\x00\x00\x00',b'4\x00\x00\x00\x00\x00\x00\x00',b'\x01\x01\x00\x00\x00\x00\x00\x00',1729
336,2026-06-24 10:54:29,west,1515,50.5505,2,car,0.4898,b'\x19\x01\x00\x00\x00\x00\x00\x00',b'n\x00\x00\x00\x00\x00\x00\x00',b'(\x01\x00\x00\x00\x00\x00\x00',b'\x7f\x00\x00\x00\x00\x00\x00\x00',1728
335,2026-06-24 10:54:29,west,1515,50.5505,2,car,0.8542,b'x\x00\x00\x00\x00\x00\x00\x00',b'v\x00\x00\x00\x00\x00\x00\x00',b'\x89\x00\x00\x00\x00\x00\x00\x00',b'\x8c\x00\x00\x00\x00\x00\x00\x00',1727
334,2026-06-24 10:54:29,west,1500,50.05,7,truck,0.4692,b'%\x00\x00\x00\x00\x00\x00\x00',b'\x82\x00\x00\x00\x00\x00\x00\x00',b'I\x00\x00\x00\x00\x00\x00\x00',b'\xb5\x00\x00\x00\x00\x00\x00\x00',1707
333,2026-06-24 10:54:29,west,1500,50.05,2,car,0.5365,b'\x0c\x01\x00\x00\x00\x00\x00\x00',b'\xce\x00\x00\x00\x00\x00\x00\x00',b'3\x01\x00\x00\x00\x00\x00\x00',b'\x01\x01\x00\x00\x00\x00\x00\x00',1706
332,2026-06-24 10:54:29,west,1500,50.05,2,car,0.7973,b'\x89\x00\x00\x00\x00\x00\x00\x00',b'g\x00\x00\x00\x00\x00\x00\x00',b'\x97\x00\x00\x00\x00\x00\x00\x00',b'y\x00\x00\x00\x00\x00\x00\x00',1705
331,2026-06-24 10:54:29,west,1485,49.5495,2,car,0.4541,b'P\x00\x00\x00\x00\x00\x00\x00',b'z\x00\x00\x00\x00\x00\x00\x00',b'h\x00\x00\x00\x00\x00\x00\x00',b'\x94\x00\x00\x00\x00\x00\x00\x00',1684
330,2026-06-24 10:54:29,west,1485,49.5495,2,car,0.5132,b'N\x01\x00\x00\x00\x00\x00\x00',b'\x95\x00\x00\x00\x00\x00\x00\x00',b'n\x01\x00\x00\x00\x00\x00\x00',b'\xb5\x00\x00\x00\x00\x00\x00\x00',1683
329,2026-06-24 10:54:29,west,1485,49.5495,2,car,0.7294,b'\x95\x00\x00\x00\x00\x00\x00\x00',b'^\x00\x00\x00\x00\x00\x00\x00',b'\xa0\x00\x00\x00\x00\x00\x00\x00',b'm\x00\x00\x00\x00\x00\x00\x00',1682
328,2026-06-24 10:54:29,west,1485,49.5495,2,car,0.7518,b't\x00\x00\x00\x00\x00\x00\x00',b'w\x00\x00\x00\x00\x00\x00\x00',b'\x86\x00\x00\x00\x00\x00\x00\x00',b'\x8a\x00\x00\x00\x00\x00\x00\x00',1681
327,2026-06-24 10:54:29,west,1470,49.049,2,car,0.4971,b'j\x00\x00\x00\x00\x00\x00\x00',b'i\x00\x00\x00\x00\x00\x00\x00',b'{\x00\x00\x00\x00\x00\x00\x00',b'\x7f\x00\x00\x00\x00\x00\x00\x00',1665
326,2026-06-24 10:54:29,west,1470,49.049,2,car,0.5616,b'\x00\x00\x00\x00\x00\x00\x00\x00',b'\xe8\x00\x00\x00\x00\x00\x00\x00',b'>\x00\x00\x00\x00\x00\x00\x00',b'W\x01\x00\x00\x00\x00\x00\x00',1664
325,2026-06-24 10:54:29,west,1470,49.049,2,car,0.6966,b'\x87\x00\x00\x00\x00\x00\x00\x00',b'h\x00\x00\x00\x00\x00\x00\x00',b'\x94\x00\x00\x00\x00\x00\x00\x00',b'w\x00\x00\x00\x00\x00\x00\x00',1663
324,2026-06-24 10:54:29,west,1455,48.5485,2,car,0.4085,b'c\x00\x00\x00\x00\x00\x00\x00',b'\xcc\x00\x00\x00\x00\x00\x00\x00',b'\x8b\x00\x00\x00\x00\x00\x00\x00',b'\t\x01\x00\x00\x00\x00\x00\x00',1645
323,2026-06-24 10:54:29,west,1455,48.5485,7,truck,0.4229,b'_\x00\x00\x00\x00\x00\x00\x00',b'\x97\x00\x00\x00\x00\x00\x00\x00',b'~\x00\x00\x00\x00\x00\x00\x00',b'\xc3\x00\x00\x00\x00\x00\x00\x00',1644
322,2026-06-24 10:54:29,west,1455,48.5485,2,car,0.58,b'{\x00\x00\x00\x00\x00\x00\x00',b'`\x00\x00\x00\x00\x00\x00\x00',b'\x88\x00\x00\x00\x00\x00\x00\x00',b't\x00\x00\x00\x00\x00\x00\x00',1643
321,2026-06-24 10:54:29,west,1455,48.5485,2,car,0.6246,b'\x93\x00\x00\x00\x00\x00\x00\x00',b'_\x00\x00\x00\x00\x00\x00\x00',b'\x9e\x00\x00\x00\x00\x00\x00\x00',b'l\x00\x00\x00\x00\x00\x00\x00',1642
320,2026-06-24 10:54:29,west,1440,48.048,2,car,0.407,b'\xf7\x00\x00\x00\x00\x00\x00\x00',b'p\x00\x00\x00\x00\x00\x00\x00',b'\x04\x01\x00\x00\x00\x00\x00\x00',b'\x82\x00\x00\x00\x00\x00\x00\x00',1627
319,2026-06-24 10:54:29,west,1440,48.048,7,truck,0.4779,"b',\x00\x00\x00\x00\x00\x00\x00'",b'\x96\x00\x00\x00\x00\x00\x00\x00',b'P\x00\x00\x00\x00\x00\x00\x00',b'\xc4\x00\x00\x00\x00\x00\x00\x00',1626
318,2026-06-24 10:54:29,west,1440,48.048,2,car,0.5302,"b',\x00\x00\x00\x00\x00\x00\x00'",b'\x97\x00\x00\x00\x00\x00\x00\x00',b'P\x00\x00\x00\x00\x00\x00\x00',b'\xc4\x00\x00\x00\x00\x00\x00\x00',1625
317,2026-06-24 10:54:29,west,1440,48.048,2,car,0.6893,b'\x8f\x00\x00\x00\x00\x00\x00\x00',b'\x92\x00\x00\x00\x00\x00\x00\x00',b'\xa3\x00\x00\x00\x00\x00\x00\x00',b'\xaf\x00\x00\x00\x00\x00\x00\x00',1624
316,2026-06-24 10:54:29,west,1425,47.5475,2,car,0.4359,b'\xe6\x00\x00\x00\x00\x00\x00\x00',b'|\x00\x00\x00\x00\x00\x00\x00',b'\xf7\x00\x00\x00\x00\x00\x00\x00',b'\x95\x00\x00\x00\x00\x00\x00\x00',1607
315,2026-06-24 10:54:29,west,1425,47.5475,2,car,0.5452,b'\xf5\x00\x00\x00\x00\x00\x00\x00',b'j\x00\x00\x00\x00\x00\x00\x00',b'\x00\x01\x00\x00\x00\x00\x00\x00',b'{\x00\x00\x00\x00\x00\x00\x00',1606
314,2026-06-24 10:54:29,west,1425,47.5475,2,car,0.6891,b'\x96\x00\x00\x00\x00\x00\x00\x00',b'h\x00\x00\x00\x00\x00\x00\x00',b'\xa2\x00\x00\x00\x00\x00\x00\x00',b'{\x00\x00\x00\x00\x00\x00\x00',1605
313,2026-06-24 10:54:29,west,1425,47.5475,2,car,0.7179,b'b\x00\x00\x00\x00\x00\x00\x00',b'w\x00\x00\x00\x00\x00\x00\x00',b'w\x00\x00\x00\x00\x00\x00\x00',b'\x91\x00\x00\x00\x00\x00\x00\x00',1604
312,2026-06-24 10:54:29,west,1425,47.5475,2,car,0.7621,b'\xa1\x00\x00\x00\x00\x00\x00\x00',b'w\x00\x00\x00\x00\x00\x00\x00',b'\xaf\x00\x00\x00\x00\x00\x00\x00',b'\x8b\x00\x00\x00\x00\x00\x00\x00',1603
311,2026-06-24 10:54:29,west,1410,47.047,2,car,0.4102,b'\xa0\x00\x00\x00\x00\x00\x00\x00',b'^\x00\x00\x00\x00\x00\x00\x00',b'\xab\x00\x00\x00\x00\x00\x00\x00',b'l\x00\x00\x00\x00\x00\x00\x00',1573
310,2026-06-24 10:54:29,west,1410,47.047,2,car,0.5398,b'\xab\x00\x00\x00\x00\x00\x00\x00',b'h\x00\x00\x00\x00\x00\x00\x00',b'\xb6\x00\x00\x00\x00\x00\x00\x00',b'w\x00\x00\x00\x00\x00\x00\x00',1572
309,2026-06-24 10:54:29,west,1410,47.047,2,car,0.5725,b'\xf3\x00\x00\x00\x00\x00\x00\x00',b'\xa0\x00\x00\x00\x00\x00\x00\x00',b'\x0e\x01\x00\x00\x00\x00\x00\x00',b'\xc7\x00\x00\x00\x00\x00\x00\x00',1571
308,2026-06-24 10:54:29,west,1410,47.047,2,car,0.6009,b'%\x01\x00\x00\x00\x00\x00\x00',b'\x89\x00\x00\x00\x00\x00\x00\x00',b'=\x01\x00\x00\x00\x00\x00\x00',b'\xa3\x00\x00\x00\x00\x00\x00\x00',1570
307,2026-06-24 10:54:29,west,1410,47.047,2,car,0.6103,b' \x01\x00\x00\x00\x00\x00\x00',b'v\x00\x00\x00\x00\x00\x00\x00',b'1\x01\x00\x00\x00\x00\x00\x00',b'\x86\x00\x00\x00\x00\x00\x00\x00',1569
306,2026-06-24 10:54:29,west,1410,47.047,2,car,0.6685,"b'""\x01\x00\x00\x00\x00\x00\x00'",b'\xa7\x00\x00\x00\x00\x00\x00\x00',b'@\x01\x00\x00\x00\x00\x00\x00',b'\xce\x00\x00\x00\x00\x00\x00\x00',1568
305,2026-06-24 10:54:29,west,1410,47.047,2,car,0.6899,b'\x00\x01\x00\x00\x00\x00\x00\x00',b'{\x00\x00\x00\x00\x00\x00\x00',b'\x10\x01\x00\x00\x00\x00\x00\x00',b'\x90\x00\x00\x00\x00\x00\x00\x00',1567
304,2026-06-24 10:54:29,west,1410,47.047,2,car,0.772,b'}\x00\x00\x00\x00\x00\x00\x00',b'g\x00\x00\x00\x00\x00\x00\x00',b'\x8c\x00\x00\x00\x00\x00\x00\x00',b'{\x00\x00\x00\x00\x00\x00\x00',1566
303,2026-06-24 10:50:03,west,1395,46.5465,2,car,0.4171,b'\x1a\x01\x00\x00\x00\x00\x00\x00',b'\xa1\x00\x00\x00\x00\x00\x00\x00',b'.\x01\x00\x00\x00\x00\x00\x00',b'\xb8\x00\x00\x00\x00\x00\x00\x00',1533
302,2026-06-24 10:50:03,west,1395,46.5465,2,car,0.5048,b'\xa8\x00\x00\x00\x00\x00\x00\x00',b'X\x00\x00\x00\x00\x00\x00\x00',b'\xb0\x00\x00\x00\x00\x00\x00\x00',b'c\x00\x00\x00\x00\x00\x00\x00',1532
301,2026-06-24 10:50:03,west,1395,46.5465,2,car,0.5899,b'\x15\x01\x00\x00\x00\x00\x00\x00',b'k\x00\x00\x00\x00\x00\x00\x00',"b'""\x01\x00\x00\x00\x00\x00\x00'",b'y\x00\x00\x00\x00\x00\x00\x00',1531
300,2026-06-24 10:50:03,west,1395,46.5465,2,car,0.6031,b'\x19\x01\x00\x00\x00\x00\x00\x00',b'\x0b\x01\x00\x00\x00\x00\x00\x00',b'_\x01\x00\x00\x00\x00\x00\x00',b'j\x01\x00\x00\x00\x00\x00\x00',1530
299,2026-06-24 10:50:03,west,1395,46.5465,2,car,0.682,b';\x01\x00\x00\x00\x00\x00\x00',b'\x89\x00\x00\x00\x00\x00\x00\x00',b'T\x01\x00\x00\x00\x00\x00\x00',b'\xa3\x00\x00\x00\x00\x00\x00\x00',1529
298,2026-06-24 10:50:03,west,1395,46.5465,2,car,0.724,b'\x8d\x00\x00\x00\x00\x00\x00\x00',b']\x00\x00\x00\x00\x00\x00\x00',b'\x99\x00\x00\x00\x00\x00\x00\x00',b'm\x00\x00\x00\x00\x00\x00\x00',1528
297,2026-06-24 10:50:03,west,1395,46.5465,2,car,0.7352,b'p\x01\x00\x00\x00\x00\x00\x00',b'\x13\x01\x00\x00\x00\x00\x00\x00',b'\x9f\x01\x00\x00\x00\x00\x00\x00',b'i\x01\x00\x00\x00\x00\x00\x00',1527
296,2026-06-24 10:50:03,west,1395,46.5465,2,car,0.7414,b'P\x01\x00\x00\x00\x00\x00\x00',b'\xb5\x00\x00\x00\x00\x00\x00\x00',b'{\x01\x00\x00\x00\x00\x00\x00',b'\xdd\x00\x00\x00\x00\x00\x00\x00',1526
295,2026-06-24 10:50:03,west,1380,46.046,2,car,0.561,b'\x96\x00\x00\x00\x00\x00\x00\x00',b'W\x00\x00\x00\x00\x00\x00\x00',b'\xa1\x00\x00\x00\x00\x00\x00\x00',b'd\x00\x00\x00\x00\x00\x00\x00',1498
294,2026-06-24 10:50:03,west,1380,46.046,2,car,0.6681,b'\xfa\x00\x00\x00\x00\x00\x00\x00',b'`\x00\x00\x00\x00\x00\x00\x00',b'\x07\x01\x00\x00\x00\x00\x00\x00',b'n\x00\x00\x00\x00\x00\x00\x00',1497
293,2026-06-24 10:50:03,west,1380,46.046,2,car,0.7073,b'n\x01\x00\x00\x00\x00\x00\x00',b'\xb4\x00\x00\x00\x00\x00\x00\x00',b'\x9e\x01\x00\x00\x00\x00\x00\x00',b'\xdc\x00\x00\x00\x00\x00\x00\x00',1496
292,2026-06-24 10:50:03,west,1380,46.046,2,car,0.7561,"b""'\x01\x00\x00\x00\x00\x00\x00""",b'y\x00\x00\x00\x00\x00\x00\x00',b'9\x01\x00\x00\x00\x00\x00\x00',b'\x8b\x00\x00\x00\x00\x00\x00\x00',1495
291,2026-06-24 10:50:03,west,1380,46.046,2,car,0.8273,b'D\x01\x00\x00\x00\x00\x00\x00',b'\xdc\x00\x00\x00\x00\x00\x00\x00',b'z\x01\x00\x00\x00\x00\x00\x00',b'\x16\x01\x00\x00\x00\x00\x00\x00',1494
290,2026-06-24 10:50:03,west,1365,45.5455,2,car,0.4119,b'+\x00\x00\x00\x00\x00\x00\x00',b'\x90\x00\x00\x00\x00\x00\x00\x00',b'I\x00\x00\x00\x00\x00\x00\x00',b'\xaf\x00\x00\x00\x00\x00\x00\x00',1470
289,2026-06-24 10:50:03,west,1365,45.5455,2,car,0.5435,b'\x19\x01\x00\x00\x00\x00\x00\x00',b'\x80\x00\x00\x00\x00\x00\x00\x00',"b',\x01\x00\x00\x00\x00\x00\x00'",b'\x95\x00\x00\x00\x00\x00\x00\x00',1469
288,2026-06-24 10:50:03,west,1365,45.5455,2,car,0.5555,b'\xec\x00\x00\x00\x00\x00\x00\x00',b'g\x00\x00\x00\x00\x00\x00\x00',b'\xf6\x00\x00\x00\x00\x00\x00\x00',b's\x00\x00\x00\x00\x00\x00\x00',1468
287,2026-06-24 10:50:03,west,1365,45.5455,2,car,0.657,b'G\x01\x00\x00\x00\x00\x00\x00',b'\x91\x00\x00\x00\x00\x00\x00\x00',b'c\x01\x00\x00\x00\x00\x00\x00',b'\xa9\x00\x00\x00\x00\x00\x00\x00',1467
286,2026-06-24 10:50:03,west,1365,45.5455,2,car,0.7721,b'\x04\x01\x00\x00\x00\x00\x00\x00',b'h\x00\x00\x00\x00\x00\x00\x00',b'\x12\x01\x00\x00\x00\x00\x00\x00',b'y\x00\x00\x00\x00\x00\x00\x00',1466
285,2026-06-24 10:50:03,west,1350,45.045,7,truck,0.4065,b'\x86\x01\x00\x00\x00\x00\x00\x00',b'\xc2\x00\x00\x00\x00\x00\x00\x00',b'\x9f\x01\x00\x00\x00\x00\x00\x00',b'\xe7\x00\x00\x00\x00\x00\x00\x00',1446
284,2026-06-24 10:50:03,west,1350,45.045,7,truck,0.4105,b'\xdc\x00\x00\x00\x00\x00\x00\x00',b'?\x00\x00\x00\x00\x00\x00\x00',b'\xfd\x00\x00\x00\x00\x00\x00\x00',b'W\x00\x00\x00\x00\x00\x00\x00',1445
283,2026-06-24 10:50:03,west,1350,45.045,2,car,0.5845,b'\x85\x01\x00\x00\x00\x00\x00\x00',b'\xc2\x00\x00\x00\x00\x00\x00\x00',b'\x9f\x01\x00\x00\x00\x00\x00\x00',b'\xe7\x00\x00\x00\x00\x00\x00\x00',1444
282,2026-06-24 10:50:03,west,1350,45.045,2,car,0.6582,b']\x00\x00\x00\x00\x00\x00\x00',b'u\x00\x00\x00\x00\x00\x00\x00',b'o\x00\x00\x00\x00\x00\x00\x00',b'\x89\x00\x00\x00\x00\x00\x00\x00',1443
281,2026-06-24 10:50:03,west,1350,45.045,2,car,0.6935,b'7\x01\x00\x00\x00\x00\x00\x00',b'\x9f\x00\x00\x00\x00\x00\x00\x00',b'V\x01\x00\x00\x00\x00\x00\x00',b'\xbe\x00\x00\x00\x00\x00\x00\x00',1442
280,2026-06-24 10:50:03,west,1350,45.045,2,car,0.7052,b'\xf4\x00\x00\x00\x00\x00\x00\x00',b'r\x00\x00\x00\x00\x00\x00\x00',b'\x01\x01\x00\x00\x00\x00\x00\x00',b'\x82\x00\x00\x00\x00\x00\x00\x00',1441
279,2026-06-24 10:50:03,west,1350,45.045,2,car,0.7345,b'\x13\x01\x00\x00\x00\x00\x00\x00',b'v\x00\x00\x00\x00\x00\x00\x00',b'&\x01\x00\x00\x00\x00\x00\x00',b'\x8b\x00\x00\x00\x00\x00\x00\x00',1440
278,2026-06-24 10:50:03,west,1335,44.5445,7,truck,0.4242,b'\xe1\x00\x00\x00\x00\x00\x00\x00',b'?\x00\x00\x00\x00\x00\x00\x00',b'\x00\x01\x00\x00\x00\x00\x00\x00',b'\\\x00\x00\x00\x00\x00\x00\x00',1420
277,2026-06-24 10:50:03,west,1335,44.5445,2,car,0.4312,b'\x17\x01\x00\x00\x00\x00\x00\x00',b'l\x00\x00\x00\x00\x00\x00\x00',b'$\x01\x00\x00\x00\x00\x00\x00',b'{\x00\x00\x00\x00\x00\x00\x00',1419
276,2026-06-24 10:50:03,west,1335,44.5445,2,car,0.4773,"b',\x01\x00\x00\x00\x00\x00\x00'",b'\x8c\x00\x00\x00\x00\x00\x00\x00',b'I\x01\x00\x00\x00\x00\x00\x00',b'\xac\x00\x00\x00\x00\x00\x00\x00',1418
275,2026-06-24 10:50:03,west,1335,44.5445,2,car,0.5375,b'|\x01\x00\x00\x00\x00\x00\x00',b'\xe4\x00\x00\x00\x00\x00\x00\x00',b'\x9f\x01\x00\x00\x00\x00\x00\x00',b'\x1c\x01\x00\x00\x00\x00\x00\x00',1417
274,2026-06-24 10:50:03,west,1335,44.5445,2,car,0.6524,b'w\x00\x00\x00\x00\x00\x00\x00',b'g\x00\x00\x00\x00\x00\x00\x00',b'\x84\x00\x00\x00\x00\x00\x00\x00',b't\x00\x00\x00\x00\x00\x00\x00',1416
273,2026-06-24 10:50:03,west,1335,44.5445,2,car,0.6605,b'\x00\x01\x00\x00\x00\x00\x00\x00',b'\x82\x00\x00\x00\x00\x00\x00\x00',b'\x15\x01\x00\x00\x00\x00\x00\x00',b'\x9b\x00\x00\x00\x00\x00\x00\x00',1415
272,2026-06-24 10:50:03,west,1320,44.044,2,car,0.7021,b'\xf0\x00\x00\x00\x00\x00\x00\x00',b'm\x00\x00\x00\x00\x00\x00\x00',b'\xff\x00\x00\x00\x00\x00\x00\x00',b'z\x00\x00\x00\x00\x00\x00\x00',1393
271,2026-06-24 10:50:03,west,1320,44.044,2,car,0.7114,b'\x1a\x01\x00\x00\x00\x00\x00\x00',b'\xa9\x00\x00\x00\x00\x00\x00\x00',b':\x01\x00\x00\x00\x00\x00\x00',b'\xce\x00\x00\x00\x00\x00\x00\x00',1392
270,2026-06-24 10:50:03,west,1320,44.044,2,car,0.753,b'`\x01\x00\x00\x00\x00\x00\x00',b'\xbf\x00\x00\x00\x00\x00\x00\x00',b'\x97\x01\x00\x00\x00\x00\x00\x00',b'\xf5\x00\x00\x00\x00\x00\x00\x00',1391
269,2026-06-24 10:50:03,west,1320,44.044,2,car,0.7658,b'+\x01\x00\x00\x00\x00\x00\x00',b'|\x00\x00\x00\x00\x00\x00\x00',b'?\x01\x00\x00\x00\x00\x00\x00',b'\x91\x00\x00\x00\x00\x00\x00\x00',1390
268,2026-06-24 10:50:03,west,1305,43.5435,7,truck,0.5136,b'Z\x01\x00\x00\x00\x00\x00\x00',b'\x0c\x01\x00\x00\x00\x00\x00\x00',b'\x9f\x01\x00\x00\x00\x00\x00\x00',b']\x01\x00\x00\x00\x00\x00\x00',1372
267,2026-06-24 10:50:03,west,1305,43.5435,2,car,0.6941,b'\xfb\x00\x00\x00\x00\x00\x00\x00',b'|\x00\x00\x00\x00\x00\x00\x00',b'\x0c\x01\x00\x00\x00\x00\x00\x00',b'\x8e\x00\x00\x00\x00\x00\x00\x00',1371
266,2026-06-24 10:50:03,west,1305,43.5435,2,car,0.768,b'P\x01\x00\x00\x00\x00\x00\x00',b'\x98\x00\x00\x00\x00\x00\x00\x00',b'p\x01\x00\x00\x00\x00\x00\x00',b'\xb7\x00\x00\x00\x00\x00\x00\x00',1370
265,2026-06-24 10:50:03,west,1290,43.043,7,truck,0.5458,b'\xf7\x00\x00\x00\x00\x00\x00\x00',b'P\x00\x00\x00\x00\x00\x00\x00',b'\x17\x01\x00\x00\x00\x00\x00\x00',b'y\x00\x00\x00\x00\x00\x00\x00',1353
264,2026-06-24 10:50:03,west,1290,43.043,2,car,0.5846,b'\x0e\x01\x00\x00\x00\x00\x00\x00',b'\x96\x00\x00\x00\x00\x00\x00\x00',b'&\x01\x00\x00\x00\x00\x00\x00',b'\xae\x00\x00\x00\x00\x00\x00\x00',1356
263,2026-06-24 10:50:03,west,1290,43.043,2,car,0.585,b'\xe3\x00\x00\x00\x00\x00\x00\x00',b'w\x00\x00\x00\x00\x00\x00\x00',b'\xf1\x00\x00\x00\x00\x00\x00\x00',b'\x8a\x00\x00\x00\x00\x00\x00\x00',1355
262,2026-06-24 10:50:03,west,1275,42.5425,2,car,0.4177,b'!\x00\x00\x00\x00\x00\x00\x00',b'/\x00\x00\x00\x00\x00\x00\x00',b'/\x00\x00\x00\x00\x00\x00\x00',b':\x00\x00\x00\x00\x00\x00\x00',1338
261,2026-06-24 10:50:03,west,1275,42.5425,7,truck,0.4182,b'\xec\x00\x00\x00\x00\x00\x00\x00',b'\x90\x00\x00\x00\x00\x00\x00\x00',b'\x00\x01\x00\x00\x00\x00\x00\x00',b'\xac\x00\x00\x00\x00\x00\x00\x00',1337
260,2026-06-24 10:50:03,west,1275,42.5425,2,car,0.5374,b'9\x00\x00\x00\x00\x00\x00\x00',b'\x9f\x00\x00\x00\x00\x00\x00\x00',b'W\x00\x00\x00\x00\x00\x00\x00',b'\xc1\x00\x00\x00\x00\x00\x00\x00',1336
259,2026-06-24 10:50:03,west,1275,42.5425,7,truck,0.7076,b'\x00\x01\x00\x00\x00\x00\x00\x00',b'T\x00\x00\x00\x00\x00\x00\x00',b'5\x01\x00\x00\x00\x00\x00\x00',b'\x8b\x00\x00\x00\x00\x00\x00\x00',1335
258,2026-06-24 10:50:03,west,1275,42.5425,2,car,0.7387,b'4\x01\x00\x00\x00\x00\x00\x00',b'\xcc\x00\x00\x00\x00\x00\x00\x00',b'a\x01\x00\x00\x00\x00\x00\x00',b'\xf7\x00\x00\x00\x00\x00\x00\x00',1334
257,2026-06-24 10:50:03,west,1275,42.5425,2,car,0.8196,b'\x19\x00\x00\x00\x00\x00\x00\x00',b'\x98\x00\x00\x00\x00\x00\x00\x00',b';\x00\x00\x00\x00\x00\x00\x00',b'\xba\x00\x00\x00\x00\x00\x00\x00',1333
256,2026-06-24 10:50:03,west,1260,42.042,2,car,0.4113,b'\x00\x01\x00\x00\x00\x00\x00\x00',b'\xc6\x00\x00\x00\x00\x00\x00\x00',b'$\x01\x00\x00\x00\x00\x00\x00',b'\xf8\x00\x00\x00\x00\x00\x00\x00',1310
255,2026-06-24 10:50:03,west,1260,42.042,2,car,0.4949,b'G\x01\x00\x00\x00\x00\x00\x00',b'\x90\x00\x00\x00\x00\x00\x00\x00',b'c\x01\x00\x00\x00\x00\x00\x00',b'\xaf\x00\x00\x00\x00\x00\x00\x00',1309
254,2026-06-24 10:50:03,west,1260,42.042,2,car,0.6944,b'Q\x00\x00\x00\x00\x00\x00\x00',b'{\x00\x00\x00\x00\x00\x00\x00',b'e\x00\x00\x00\x00\x00\x00\x00',b'\x8f\x00\x00\x00\x00\x00\x00\x00',1308
253,2026-06-24 10:50:03,west,1260,42.042,7,truck,0.6981,b'\x0c\x01\x00\x00\x00\x00\x00\x00',b'X\x00\x00\x00\x00\x00\x00\x00',b'I\x01\x00\x00\x00\x00\x00\x00',b'\xa4\x00\x00\x00\x00\x00\x00\x00',1307
252,2026-06-24 10:50:03,west,1245,41.5415,7,truck,0.586,"b'""\x01\x00\x00\x00\x00\x00\x00'",b'g\x00\x00\x00\x00\x00\x00\x00',b'\x93\x01\x00\x00\x00\x00\x00\x00',b'\xe0\x00\x00\x00\x00\x00\x00\x00',1283
251,2026-06-24 10:50:03,west,1245,41.5415,2,car,0.6764,b'\x80\x00\x00\x00\x00\x00\x00\x00',b'm\x00\x00\x00\x00\x00\x00\x00',b'\x8e\x00\x00\x00\x00\x00\x00\x00',b'|\x00\x00\x00\x00\x00\x00\x00',1282
250,2026-06-24 10:50:03,west,1245,41.5415,2,car,0.7945,b'n\x00\x00\x00\x00\x00\x00\x00',b'k\x00\x00\x00\x00\x00\x00\x00',b'|\x00\x00\x00\x00\x00\x00\x00',b'y\x00\x00\x00\x00\x00\x00\x00',1281
249,2026-06-24 10:50:03,west,1230,41.041,7,truck,0.4216,b'\x0c\x00\x00\x00\x00\x00\x00\x00',b'\x98\x00\x00\x00\x00\x00\x00\x00',b'1\x00\x00\x00\x00\x00\x00\x00',b'\xc1\x00\x00\x00\x00\x00\x00\x00',1266
248,2026-06-24 10:50:03,west,1230,41.041,2,car,0.4263,b'\x80\x00\x00\x00\x00\x00\x00\x00',b'a\x00\x00\x00\x00\x00\x00\x00',b'\x89\x00\x00\x00\x00\x00\x00\x00',b'k\x00\x00\x00\x00\x00\x00\x00',1265
247,2026-06-24 10:50:03,west,1230,41.041,2,car,0.6599,b'\x0c\x00\x00\x00\x00\x00\x00\x00',b'\x98\x00\x00\x00\x00\x00\x00\x00',b'1\x00\x00\x00\x00\x00\x00\x00',b'\xc2\x00\x00\x00\x00\x00\x00\x00',1264
246,2026-06-24 10:50:03,west,1215,40.5405,2,car,0.4169,b'\x84\x00\x00\x00\x00\x00\x00\x00',b'x\x00\x00\x00\x00\x00\x00\x00',b'\x95\x00\x00\x00\x00\x00\x00\x00',b'\x92\x00\x00\x00\x00\x00\x00\x00',1250
245,2026-06-24 10:50:03,west,1215,40.5405,2,car,0.7494,b'J\x00\x00\x00\x00\x00\x00\x00',b'{\x00\x00\x00\x00\x00\x00\x00',b'`\x00\x00\x00\x00\x00\x00\x00',b'\x94\x00\x00\x00\x00\x00\x00\x00',1249
244,2026-06-24 10:50:03,west,1200,40.04,2,car,0.4498,b'\x97\x00\x00\x00\x00\x00\x00\x00',b'e\x00\x00\x00\x00\x00\x00\x00',b'\xa4\x00\x00\x00\x00\x00\x00\x00',b'w\x00\x00\x00\x00\x00\x00\x00',1239
243,2026-06-24 10:50:03,west,1200,40.04,2,car,0.8222,b'j\x00\x00\x00\x00\x00\x00\x00',b'k\x00\x00\x00\x00\x00\x00\x00',b'y\x00\x00\x00\x00\x00\x00\x00',b'|\x00\x00\x00\x00\x00\x00\x00',1238
242,2026-06-24 10:50:03,west,1185,39.5395,2,car,0.6111,b'\xfe\x00\x00\x00\x00\x00\x00\x00',b'^\x00\x00\x00\x00\x00\x00\x00',b'\x11\x01\x00\x00\x00\x00\x00\x00',b'o\x00\x00\x00\x00\x00\x00\x00',1231
241,2026-06-24 10:50:03,west,1185,39.5395,2,car,0.7615,b'}\x00\x00\x00\x00\x00\x00\x00',b'`\x00\x00\x00\x00\x00\x00\x00',b'\x89\x00\x00\x00\x00\x00\x00\x00',b'n\x00\x00\x00\x00\x00\x00\x00',1230
240,2026-06-24 10:50:03,west,1170,39.039,2,car,0.4595,b'\n\x01\x00\x00\x00\x00\x00\x00',b'g\x00\x00\x00\x00\x00\x00\x00',b' \x01\x00\x00\x00\x00\x00\x00',b'\x80\x00\x00\x00\x00\x00\x00\x00',1223
239,2026-06-24 10:50:03,west,1170,39.039,2,car,0.6798,b'\xde\x00\x00\x00\x00\x00\x00\x00',b'f\x00\x00\x00\x00\x00\x00\x00',b'\xe9\x00\x00\x00\x00\x00\x00\x00',b's\x00\x00\x00\x00\x00\x00\x00',1222
238,2026-06-24 10:50:03,west,1155,38.5385,2,car,0.6237,b'\xe3\x00\x00\x00\x00\x00\x00\x00',b'u\x00\x00\x00\x00\x00\x00\x00',b'\xf4\x00\x00\x00\x00\x00\x00\x00',b'\x87\x00\x00\x00\x00\x00\x00\x00',1214
237,2026-06-24 10:50:03,west,1140,38.038,2,car,0.4073,b'O\x01\x00\x00\x00\x00\x00\x00',b'\x95\x00\x00\x00\x00\x00\x00\x00',b'q\x01\x00\x00\x00\x00\x00\x00',b'\xb2\x00\x00\x00\x00\x00\x00\x00',1209
236,2026-06-24 10:50:03,west,1140,38.038,2,car,0.6296,b'\xef\x00\x00\x00\x00\x00\x00\x00',b'\x95\x00\x00\x00\x00\x00\x00\x00',b'\x05\x01\x00\x00\x00\x00\x00\x00',b'\xb0\x00\x00\x00\x00\x00\x00\x00',1208
235,2026-06-24 10:50:03,west,1125,37.5375,2,car,0.4548,b'\r\x01\x00\x00\x00\x00\x00\x00',b'\xe5\x00\x00\x00\x00\x00\x00\x00',b';\x01\x00\x00\x00\x00\x00\x00',b'\x1f\x01\x00\x00\x00\x00\x00\x00',1195
234,2026-06-24 10:50:03,west,1125,37.5375,7,truck,0.5006,b'\x0e\x01\x00\x00\x00\x00\x00\x00',b'\xe4\x00\x00\x00\x00\x00\x00\x00',b';\x01\x00\x00\x00\x00\x00\x00',b' \x01\x00\x00\x00\x00\x00\x00',1194
233,2026-06-24 10:50:03,west,1095,36.5365,7,truck,0.4054,b'\x00\x00\x00\x00\x00\x00\x00\x00',b'\xa4\x00\x00\x00\x00\x00\x00\x00',b'\x1d\x00\x00\x00\x00\x00\x00\x00',b'\xda\x00\x00\x00\x00\x00\x00\x00',1181
232,2026-06-24 10:50:03,west,1095,36.5365,2,car,0.4481,b'\x00\x00\x00\x00\x00\x00\x00\x00',b'\xa4\x00\x00\x00\x00\x00\x00\x00',b'\x1d\x00\x00\x00\x00\x00\x00\x00',b'\xda\x00\x00\x00\x00\x00\x00\x00',1181
231,2026-06-24 10:50:03,west,1095,36.5365,2,car,0.5559,b'\x07\x00\x00\x00\x00\x00\x00\x00',b'\xd3\x00\x00\x00\x00\x00\x00\x00',b'R\x00\x00\x00\x00\x00\x00\x00',b'3\x01\x00\x00\x00\x00\x00\x00',1179
230,2026-06-24 10:50:03,west,1095,36.5365,2,car,0.6823,b'\xf9\x00\x00\x00\x00\x00\x00\x00',b't\x00\x00\x00\x00\x00\x00\x00',b'\t\x01\x00\x00\x00\x00\x00\x00',b'\x89\x00\x00\x00\x00\x00\x00\x00',1178
229,2026-06-24 10:50:03,west,1080,36.036,2,car,0.5329,b'G\x00\x00\x00\x00\x00\x00\x00',b'\xe9\x00\x00\x00\x00\x00\x00\x00',b'{\x00\x00\x00\x00\x00\x00\x00',b';\x01\x00\x00\x00\x00\x00\x00',1160
228,2026-06-24 10:50:03,west,1080,36.036,2,car,0.6278,b'&\x00\x00\x00\x00\x00\x00\x00',b'\x9e\x00\x00\x00\x00\x00\x00\x00',b'Q\x00\x00\x00\x00\x00\x00\x00',b'\xd0\x00\x00\x00\x00\x00\x00\x00',1159
227,2026-06-24 10:50:03,west,1080,36.036,2,car,0.6802,b'\xfd\x00\x00\x00\x00\x00\x00\x00',b'`\x00\x00\x00\x00\x00\x00\x00',b'\x08\x01\x00\x00\x00\x00\x00\x00',b'm\x00\x00\x00\x00\x00\x00\x00',1158
226,2026-06-24 10:50:03,west,1065,35.5355,2,car,0.4574,b'\x00\x00\x00\x00\x00\x00\x00\x00',b'\xb5\x00\x00\x00\x00\x00\x00\x00',b'\x12\x00\x00\x00\x00\x00\x00\x00',b'\xdb\x00\x00\x00\x00\x00\x00\x00',1140
225,2026-06-24 10:50:03,west,1065,35.5355,2,car,0.5204,b'/\x01\x00\x00\x00\x00\x00\x00',b'\xc3\x00\x00\x00\x00\x00\x00\x00',b'\\\x01\x00\x00\x00\x00\x00\x00',b'\xf5\x00\x00\x00\x00\x00\x00\x00',1139
224,2026-06-24 10:50:03,west,1065,35.5355,2,car,0.5474,b'\x87\x00\x00\x00\x00\x00\x00\x00',b'u\x00\x00\x00\x00\x00\x00\x00',b'\x9b\x00\x00\x00\x00\x00\x00\x00',b'\x8d\x00\x00\x00\x00\x00\x00\x00',1138
223,2026-06-24 10:50:03,west,1065,35.5355,2,car,0.55,b'\x08\x01\x00\x00\x00\x00\x00\x00',b'k\x00\x00\x00\x00\x00\x00\x00',b'\x15\x01\x00\x00\x00\x00\x00\x00',b'z\x00\x00\x00\x00\x00\x00\x00',1137
222,2026-06-24 10:50:03,west,1065,35.5355,2,car,0.7159,b'\x8b\x00\x00\x00\x00\x00\x00\x00',b'\x94\x00\x00\x00\x00\x00\x00\x00',b'\xa1\x00\x00\x00\x00\x00\x00\x00',b'\xb5\x00\x00\x00\x00\x00\x00\x00',1136
221,2026-06-24 10:50:03,west,1050,35.035,2,car,0.4784,b'>\x00\x00\x00\x00\x00\x00\x00',b'\x84\x00\x00\x00\x00\x00\x00\x00',b'V\x00\x00\x00\x00\x00\x00\x00',b'\x9f\x00\x00\x00\x00\x00\x00\x00',1110
220,2026-06-24 10:50:03,west,1050,35.035,2,car,0.4926,b'\x17\x01\x00\x00\x00\x00\x00\x00',b'{\x00\x00\x00\x00\x00\x00\x00',b'+\x01\x00\x00\x00\x00\x00\x00',b'\x90\x00\x00\x00\x00\x00\x00\x00',1109
219,2026-06-24 10:50:03,west,1050,35.035,2,car,0.73,b'\xa1\x00\x00\x00\x00\x00\x00\x00',b't\x00\x00\x00\x00\x00\x00\x00',b'\xaf\x00\x00\x00\x00\x00\x00\x00',b'\x8b\x00\x00\x00\x00\x00\x00\x00',1108
218,2026-06-24 10:50:03,west,1035,34.5345,2,car,0.6696,b'4\x01\x00\x00\x00\x00\x00\x00',b'\x98\x00\x00\x00\x00\x00\x00\x00',b'R\x01\x00\x00\x00\x00\x00\x00',b'\xb5\x00\x00\x00\x00\x00\x00\x00',1094
217,2026-06-24 10:50:03,west,1020,34.034,2,car,0.4672,b'{\x00\x00\x00\x00\x00\x00\x00',b'd\x00\x00\x00\x00\x00\x00\x00',b'\x8c\x00\x00\x00\x00\x00\x00\x00',b'\x83\x00\x00\x00\x00\x00\x00\x00',1087
216,2026-06-24 10:50:03,west,1020,34.034,2,car,0.6743,b't\x01\x00\x00\x00\x00\x00\x00',b'\xd3\x00\x00\x00\x00\x00\x00\x00',b'\x9f\x01\x00\x00\x00\x00\x00\x00',b'\n\x01\x00\x00\x00\x00\x00\x00',1086
215,2026-06-24 10:50:03,west,1005,33.5335,2,car,0.6305,b'\x8a\x00\x00\x00\x00\x00\x00\x00',b'_\x00\x00\x00\x00\x00\x00\x00',b'\x98\x00\x00\x00\x00\x00\x00\x00',b's\x00\x00\x00\x00\x00\x00\x00',1081
214,2026-06-24 10:50:03,west,990,33.033,2,car,0.4414,b'\x0b\x00\x00\x00\x00\x00\x00\x00',b'\x99\x00\x00\x00\x00\x00\x00\x00',b'6\x00\x00\x00\x00\x00\x00\x00',b'\xc6\x00\x00\x00\x00\x00\x00\x00',1076
213,2026-06-24 10:50:03,west,990,33.033,2,car,0.4635,b'\x95\x00\x00\x00\x00\x00\x00\x00',b'Y\x00\x00\x00\x00\x00\x00\x00',b'\xa1\x00\x00\x00\x00\x00\x00\x00',b'i\x00\x00\x00\x00\x00\x00\x00',1075
212,2026-06-24 10:50:03,west,990,33.033,7,truck,0.4743,b'\x0b\x00\x00\x00\x00\x00\x00\x00',b'\x99\x00\x00\x00\x00\x00\x00\x00',b'6\x00\x00\x00\x00\x00\x00\x00',b'\xc6\x00\x00\x00\x00\x00\x00\x00',1076
211,2026-06-24 10:50:03,west,990,33.033,2,car,0.7126,b'#\x01\x00\x00\x00\x00\x00\x00',b't\x00\x00\x00\x00\x00\x00\x00',b'3\x01\x00\x00\x00\x00\x00\x00',b'\x87\x00\x00\x00\x00\x00\x00\x00',1073
210,2026-06-24 10:50:03,west,975,32.5325,2,car,0.4356,b'\xea\x00\x00\x00\x00\x00\x00\x00',b'\x7f\x00\x00\x00\x00\x00\x00\x00',b'\xf9\x00\x00\x00\x00\x00\x00\x00',b'\x98\x00\x00\x00\x00\x00\x00\x00',1063
209,2026-06-24 10:50:03,west,975,32.5325,2,car,0.6003,b'<\x01\x00\x00\x00\x00\x00\x00',b'\x87\x00\x00\x00\x00\x00\x00\x00',b'T\x01\x00\x00\x00\x00\x00\x00',b'\xa0\x00\x00\x00\x00\x00\x00\x00',1062
208,2026-06-24 10:50:03,west,975,32.5325,2,car,0.6934,b'H\x00\x00\x00\x00\x00\x00\x00',b'{\x00\x00\x00\x00\x00\x00\x00',b'a\x00\x00\x00\x00\x00\x00\x00',b'\x97\x00\x00\x00\x00\x00\x00\x00',1061
207,2026-06-24 10:50:03,west,960,32.032,2,car,0.4676,b'\xfa\x00\x00\x00\x00\x00\x00\x00',b'\xa7\x00\x00\x00\x00\x00\x00\x00',b'\x14\x01\x00\x00\x00\x00\x00\x00',b'\xce\x00\x00\x00\x00\x00\x00\x00',1046
206,2026-06-24 10:50:03,west,960,32.032,2,car,0.4906,b'i\x00\x00\x00\x00\x00\x00\x00',b'n\x00\x00\x00\x00\x00\x00\x00',b'y\x00\x00\x00\x00\x00\x00\x00',b'\x81\x00\x00\x00\x00\x00\x00\x00',1045
205,2026-06-24 10:50:03,west,960,32.032,2,car,0.684,b'8\x00\x00\x00\x00\x00\x00\x00',b'\xdc\x00\x00\x00\x00\x00\x00\x00',b'z\x00\x00\x00\x00\x00\x00\x00',b'?\x01\x00\x00\x00\x00\x00\x00',1044
204,2026-06-24 10:50:03,west,960,32.032,2,car,0.7225,b'm\x01\x00\x00\x00\x00\x00\x00',b'\xaa\x00\x00\x00\x00\x00\x00\x00',b'\x95\x01\x00\x00\x00\x00\x00\x00',b'\xd1\x00\x00\x00\x00\x00\x00\x00',1043
203,2026-06-24 10:50:03,west,960,32.032,2,car,0.7336,b'(\x00\x00\x00\x00\x00\x00\x00',b'\xaa\x00\x00\x00\x00\x00\x00\x00',b'J\x00\x00\x00\x00\x00\x00\x00',b'\xd2\x00\x00\x00\x00\x00\x00\x00',1042
202,2026-06-24 10:45:33,west,945,31.5315,2,car,0.4804,b'\x84\x00\x00\x00\x00\x00\x00\x00',b'\x92\x00\x00\x00\x00\x00\x00\x00',b'\x9d\x00\x00\x00\x00\x00\x00\x00',b'\xb9\x00\x00\x00\x00\x00\x00\x00',1023
201,2026-06-24 10:45:33,west,945,31.5315,2,car,0.7197,b'h\x00\x00\x00\x00\x00\x00\x00',b'\x7f\x00\x00\x00\x00\x00\x00\x00',b'z\x00\x00\x00\x00\x00\x00\x00',b'\x95\x00\x00\x00\x00\x00\x00\x00',1022
200,2026-06-24 10:45:33,west,945,31.5315,2,car,0.7905,b'|\x00\x00\x00\x00\x00\x00\x00',b'c\x00\x00\x00\x00\x00\x00\x00',b'\x8f\x00\x00\x00\x00\x00\x00\x00',b'r\x00\x00\x00\x00\x00\x00\x00',1021
199,2026-06-24 10:45:33,west,930,31.031,2,car,0.541,b'\x9c\x00\x00\x00\x00\x00\x00\x00',b'v\x00\x00\x00\x00\x00\x00\x00',b'\xab\x00\x00\x00\x00\x00\x00\x00',b'\x90\x00\x00\x00\x00\x00\x00\x00',1004
198,2026-06-24 10:45:33,west,930,31.031,2,car,0.5468,b'\x84\x00\x00\x00\x00\x00\x00\x00',b'k\x00\x00\x00\x00\x00\x00\x00',b'\x91\x00\x00\x00\x00\x00\x00\x00',b'{\x00\x00\x00\x00\x00\x00\x00',1003
197,2026-06-24 10:45:33,west,915,30.5305,7,truck,0.5626,b';\x01\x00\x00\x00\x00\x00\x00',b'\x89\x00\x00\x00\x00\x00\x00\x00',b'\x9f\x01\x00\x00\x00\x00\x00\x00',b'\x13\x01\x00\x00\x00\x00\x00\x00',995
196,2026-06-24 10:45:33,west,915,30.5305,2,car,0.751,b'\xfe\x00\x00\x00\x00\x00\x00\x00',b'g\x00\x00\x00\x00\x00\x00\x00',b'\x0b\x01\x00\x00\x00\x00\x00\x00',b'w\x00\x00\x00\x00\x00\x00\x00',994
195,2026-06-24 10:45:33,west,900,30.03,2,car,0.5023,b'\x0b\x01\x00\x00\x00\x00\x00\x00',b'q\x00\x00\x00\x00\x00\x00\x00',b'\x1d\x01\x00\x00\x00\x00\x00\x00',b'\x89\x00\x00\x00\x00\x00\x00\x00',981
194,2026-06-24 10:45:33,west,900,30.03,2,car,0.6119,b'5\x00\x00\x00\x00\x00\x00\x00',b'\x88\x00\x00\x00\x00\x00\x00\x00',b'T\x00\x00\x00\x00\x00\x00\x00',b'\xa9\x00\x00\x00\x00\x00\x00\x00',980
193,2026-06-24 10:45:33,west,885,29.5295,2,car,0.791,b'_\x00\x00\x00\x00\x00\x00\x00',b'q\x00\x00\x00\x00\x00\x00\x00',b's\x00\x00\x00\x00\x00\x00\x00',b'\x88\x00\x00\x00\x00\x00\x00\x00',971
192,2026-06-24 10:45:33,west,870,29.029,2,car,0.6689,b'R\x01\x00\x00\x00\x00\x00\x00',b'\xb9\x00\x00\x00\x00\x00\x00\x00',b'\x89\x01\x00\x00\x00\x00\x00\x00',b'\xf2\x00\x00\x00\x00\x00\x00\x00',959
191,2026-06-24 10:45:33,west,870,29.029,2,car,0.7059,b'x\x00\x00\x00\x00\x00\x00\x00',b'e\x00\x00\x00\x00\x00\x00\x00',b'\x86\x00\x00\x00\x00\x00\x00\x00',b'v\x00\x00\x00\x00\x00\x00\x00',958
190,2026-06-24 10:45:33,west,855,28.5285,2,car,0.4095,b'\x04\x01\x00\x00\x00\x00\x00\x00',b'\x86\x00\x00\x00\x00\x00\x00\x00',b'\x18\x01\x00\x00\x00\x00\x00\x00',b'\x9e\x00\x00\x00\x00\x00\x00\x00',948
189,2026-06-24 10:45:33,west,855,28.5285,2,car,0.4296,b'\x15\x00\x00\x00\x00\x00\x00\x00',b'0\x00\x00\x00\x00\x00\x00\x00',b'$\x00\x00\x00\x00\x00\x00\x00',b':\x00\x00\x00\x00\x00\x00\x00',947
188,2026-06-24 10:45:33,west,855,28.5285,2,car,0.4374,b'\x86\x00\x00\x00\x00\x00\x00\x00',b'[\x00\x00\x00\x00\x00\x00\x00',b'\x91\x00\x00\x00\x00\x00\x00\x00',b'l\x00\x00\x00\x00\x00\x00\x00',946
187,2026-06-24 10:45:33,west,840,28.028,2,car,0.5234,b'$\x01\x00\x00\x00\x00\x00\x00',b'\xb2\x00\x00\x00\x00\x00\x00\x00',b'G\x01\x00\x00\x00\x00\x00\x00',b'\xd8\x00\x00\x00\x00\x00\x00\x00',939
186,2026-06-24 10:45:33,west,840,28.028,2,car,0.5823,b'\x1e\x00\x00\x00\x00\x00\x00\x00',b'\xaa\x00\x00\x00\x00\x00\x00\x00',b'E\x00\x00\x00\x00\x00\x00\x00',b'\xd3\x00\x00\x00\x00\x00\x00\x00',938
185,2026-06-24 10:45:33,west,825,27.5275,2,car,0.4322,"b'""\x00\x00\x00\x00\x00\x00\x00'",b'\xcb\x00\x00\x00\x00\x00\x00\x00',b'Z\x00\x00\x00\x00\x00\x00\x00',b'\x1c\x01\x00\x00\x00\x00\x00\x00',926
184,2026-06-24 10:45:33,west,825,27.5275,2,car,0.7898,b'Z\x00\x00\x00\x00\x00\x00\x00',b'\x84\x00\x00\x00\x00\x00\x00\x00',b'o\x00\x00\x00\x00\x00\x00\x00',b'\x9d\x00\x00\x00\x00\x00\x00\x00',925
183,2026-06-24 10:45:33,west,810,27.027,2,car,0.4092,b'n\x00\x00\x00\x00\x00\x00\x00',b'\x8f\x00\x00\x00\x00\x00\x00\x00',b'\x88\x00\x00\x00\x00\x00\x00\x00',b'\xb8\x00\x00\x00\x00\x00\x00\x00',911
182,2026-06-24 10:45:33,west,810,27.027,7,truck,0.4464,b'|\x00\x00\x00\x00\x00\x00\x00',b'\xaa\x00\x00\x00\x00\x00\x00\x00',b'\x9d\x00\x00\x00\x00\x00\x00\x00',b'\xe0\x00\x00\x00\x00\x00\x00\x00',910
181,2026-06-24 10:45:33,west,810,27.027,2,car,0.4908,b'w\x00\x00\x00\x00\x00\x00\x00',b'q\x00\x00\x00\x00\x00\x00\x00',b'\x87\x00\x00\x00\x00\x00\x00\x00',b'\x83\x00\x00\x00\x00\x00\x00\x00',909
180,2026-06-24 10:45:33,west,795,26.5265,2,car,0.4892,b'\x9b\x00\x00\x00\x00\x00\x00\x00',b'\x83\x00\x00\x00\x00\x00\x00\x00',b'\xad\x00\x00\x00\x00\x00\x00\x00',b'\xa0\x00\x00\x00\x00\x00\x00\x00',897
179,2026-06-24 10:45:33,west,795,26.5265,2,car,0.5013,b'\x13\x01\x00\x00\x00\x00\x00\x00',b'\x98\x00\x00\x00\x00\x00\x00\x00',b'0\x01\x00\x00\x00\x00\x00\x00',b'\xbd\x00\x00\x00\x00\x00\x00\x00',896
178,2026-06-24 10:45:33,west,795,26.5265,7,truck,0.5102,b'\xee\x00\x00\x00\x00\x00\x00\x00',b'\x8d\x00\x00\x00\x00\x00\x00\x00',b'\x02\x01\x00\x00\x00\x00\x00\x00',b'\xaa\x00\x00\x00\x00\x00\x00\x00',895
177,2026-06-24 10:45:33,west,780,26.026,2,car,0.5174,b'\x01\x01\x00\x00\x00\x00\x00\x00',b'\xc0\x00\x00\x00\x00\x00\x00\x00',b'#\x01\x00\x00\x00\x00\x00\x00',b'\xef\x00\x00\x00\x00\x00\x00\x00',875
176,2026-06-24 10:45:33,west,780,26.026,2,car,0.6648,b'\x13\x01\x00\x00\x00\x00\x00\x00',b'k\x00\x00\x00\x00\x00\x00\x00',b'!\x01\x00\x00\x00\x00\x00\x00',b'{\x00\x00\x00\x00\x00\x00\x00',874
175,2026-06-24 10:45:33,west,780,26.026,2,car,0.7396,b'P\x01\x00\x00\x00\x00\x00\x00',b'\xef\x00\x00\x00\x00\x00\x00\x00',b'\x93\x01\x00\x00\x00\x00\x00\x00',b'8\x01\x00\x00\x00\x00\x00\x00',873
174,2026-06-24 10:45:33,west,765,25.5255,2,car,0.4549,b'\xeb\x00\x00\x00\x00\x00\x00\x00',b'd\x00\x00\x00\x00\x00\x00\x00',b'\xf5\x00\x00\x00\x00\x00\x00\x00',b'r\x00\x00\x00\x00\x00\x00\x00',856
173,2026-06-24 10:45:33,west,765,25.5255,2,car,0.7578,b'#\x01\x00\x00\x00\x00\x00\x00',b'y\x00\x00\x00\x00\x00\x00\x00',b'5\x01\x00\x00\x00\x00\x00\x00',b'\x8b\x00\x00\x00\x00\x00\x00\x00',855
172,2026-06-24 10:45:33,west,750,25.025,2,car,0.4246,b'?\x01\x00\x00\x00\x00\x00\x00',b'\x8b\x00\x00\x00\x00\x00\x00\x00',b'Y\x01\x00\x00\x00\x00\x00\x00',b'\xa3\x00\x00\x00\x00\x00\x00\x00',847
171,2026-06-24 10:45:33,west,750,25.025,2,car,0.4798,b'\xf4\x00\x00\x00\x00\x00\x00\x00',b'q\x00\x00\x00\x00\x00\x00\x00',b'\x00\x01\x00\x00\x00\x00\x00\x00',b'\x81\x00\x00\x00\x00\x00\x00\x00',846
170,2026-06-24 10:45:33,west,750,25.025,2,car,0.4922,b')\x00\x00\x00\x00\x00\x00\x00',b'\xa3\x00\x00\x00\x00\x00\x00\x00',b'O\x00\x00\x00\x00\x00\x00\x00',b'\xd6\x00\x00\x00\x00\x00\x00\x00',845
169,2026-06-24 10:45:33,west,735,24.5245,2,car,0.5318,b'\x01\x01\x00\x00\x00\x00\x00\x00',b'\x81\x00\x00\x00\x00\x00\x00\x00',b'\x13\x01\x00\x00\x00\x00\x00\x00',b'\x9a\x00\x00\x00\x00\x00\x00\x00',835
168,2026-06-24 10:45:33,west,735,24.5245,2,car,0.609,b's\x01\x00\x00\x00\x00\x00\x00',b'\xb1\x00\x00\x00\x00\x00\x00\x00',b'\x9f\x01\x00\x00\x00\x00\x00\x00',b'\xe0\x00\x00\x00\x00\x00\x00\x00',834
167,2026-06-24 10:45:33,west,720,24.024,2,car,0.4952,b'|\x00\x00\x00\x00\x00\x00\x00',b'r\x00\x00\x00\x00\x00\x00\x00',b'\x8b\x00\x00\x00\x00\x00\x00\x00',b'\x85\x00\x00\x00\x00\x00\x00\x00',827
166,2026-06-24 10:45:33,west,705,23.5235,2,car,0.4889,b'e\x00\x00\x00\x00\x00\x00\x00',b'\xcf\x00\x00\x00\x00\x00\x00\x00',b'\x8c\x00\x00\x00\x00\x00\x00\x00',b'\x0b\x01\x00\x00\x00\x00\x00\x00',813
165,2026-06-24 10:45:33,west,705,23.5235,7,truck,0.4918,b'e\x00\x00\x00\x00\x00\x00\x00',b'\xd0\x00\x00\x00\x00\x00\x00\x00',b'\x8c\x00\x00\x00\x00\x00\x00\x00',b'\x0b\x01\x00\x00\x00\x00\x00\x00',812
164,2026-06-24 10:45:33,west,705,23.5235,2,car,0.5932,b'\x05\x01\x00\x00\x00\x00\x00\x00',b'n\x00\x00\x00\x00\x00\x00\x00',b'\x13\x01\x00\x00\x00\x00\x00\x00',b'\x81\x00\x00\x00\x00\x00\x00\x00',811
163,2026-06-24 10:45:33,west,705,23.5235,2,car,0.5997,b'\x12\x00\x00\x00\x00\x00\x00\x00',b'\xae\x00\x00\x00\x00\x00\x00\x00',b'@\x00\x00\x00\x00\x00\x00\x00',b'\xe6\x00\x00\x00\x00\x00\x00\x00',810
162,2026-06-24 10:45:33,west,705,23.5235,2,car,0.6418,b'\x8b\x00\x00\x00\x00\x00\x00\x00',b'e\x00\x00\x00\x00\x00\x00\x00',b'\x98\x00\x00\x00\x00\x00\x00\x00',b'v\x00\x00\x00\x00\x00\x00\x00',809
161,2026-06-24 10:45:33,west,705,23.5235,2,car,0.7834,b'p\x01\x00\x00\x00\x00\x00\x00',b'\x1f\x01\x00\x00\x00\x00\x00\x00',b'\x9f\x01\x00\x00\x00\x00\x00\x00',b'\x87\x01\x00\x00\x00\x00\x00\x00',808
160,2026-06-24 10:45:33,west,690,23.023,2,car,0.4473,b'\xfc\x00\x00\x00\x00\x00\x00\x00',b'\x81\x00\x00\x00\x00\x00\x00\x00',b'\r\x01\x00\x00\x00\x00\x00\x00',b'\x96\x00\x00\x00\x00\x00\x00\x00',794
159,2026-06-24 10:45:33,west,690,23.023,2,car,0.4779,b'\x17\x01\x00\x00\x00\x00\x00\x00',b'\x80\x00\x00\x00\x00\x00\x00\x00',b'-\x01\x00\x00\x00\x00\x00\x00',b'\x99\x00\x00\x00\x00\x00\x00\x00',793
158,2026-06-24 10:45:33,west,690,23.023,2,car,0.486,b'\x93\x00\x00\x00\x00\x00\x00\x00',b'\x95\x00\x00\x00\x00\x00\x00\x00',b'\xa6\x00\x00\x00\x00\x00\x00\x00',b'\xb1\x00\x00\x00\x00\x00\x00\x00',792
157,2026-06-24 10:45:33,west,690,23.023,2,car,0.5024,b'\x96\x00\x00\x00\x00\x00\x00\x00',b'`\x00\x00\x00\x00\x00\x00\x00',b'\xa1\x00\x00\x00\x00\x00\x00\x00',b'n\x00\x00\x00\x00\x00\x00\x00',791
156,2026-06-24 10:45:33,west,690,23.023,2,car,0.7851,b'Y\x00\x00\x00\x00\x00\x00\x00',b'\x88\x00\x00\x00\x00\x00\x00\x00',b'r\x00\x00\x00\x00\x00\x00\x00',b'\xa6\x00\x00\x00\x00\x00\x00\x00',790
155,2026-06-24 10:45:33,west,675,22.5225,7,truck,0.403,b'R\x00\x00\x00\x00\x00\x00\x00',b'\xf0\x00\x00\x00\x00\x00\x00\x00',b'\x83\x00\x00\x00\x00\x00\x00\x00',b':\x01\x00\x00\x00\x00\x00\x00',772
154,2026-06-24 10:45:33,west,675,22.5225,2,car,0.4501,b'8\x01\x00\x00\x00\x00\x00\x00',b'\xa1\x00\x00\x00\x00\x00\x00\x00',b']\x01\x00\x00\x00\x00\x00\x00',b'\xc7\x00\x00\x00\x00\x00\x00\x00',771
153,2026-06-24 10:45:33,west,675,22.5225,2,car,0.4771,b'Q\x00\x00\x00\x00\x00\x00\x00',b'\xf0\x00\x00\x00\x00\x00\x00\x00',b'\x84\x00\x00\x00\x00\x00\x00\x00',b':\x01\x00\x00\x00\x00\x00\x00',770
152,2026-06-24 10:45:33,west,675,22.5225,2,car,0.5745,b'\xe4\x00\x00\x00\x00\x00\x00\x00',b'}\x00\x00\x00\x00\x00\x00\x00',b'\xf1\x00\x00\x00\x00\x00\x00\x00',b'\x8d\x00\x00\x00\x00\x00\x00\x00',769
151,2026-06-24 10:45:33,west,675,22.5225,2,car,0.5967,b'z\x00\x00\x00\x00\x00\x00\x00',b'u\x00\x00\x00\x00\x00\x00\x00',b'\x8a\x00\x00\x00\x00\x00\x00\x00',b'\x8b\x00\x00\x00\x00\x00\x00\x00',768
150,2026-06-24 10:45:33,west,675,22.5225,2,car,0.6273,b'\x15\x01\x00\x00\x00\x00\x00\x00',b'\xa6\x00\x00\x00\x00\x00\x00\x00',b'1\x01\x00\x00\x00\x00\x00\x00',b'\xc7\x00\x00\x00\x00\x00\x00\x00',767
149,2026-06-24 10:45:33,west,675,22.5225,2,car,0.7452,b'\xa5\x00\x00\x00\x00\x00\x00\x00',b'|\x00\x00\x00\x00\x00\x00\x00',b'\xb1\x00\x00\x00\x00\x00\x00\x00',b'\x8e\x00\x00\x00\x00\x00\x00\x00',766
148,2026-06-24 10:45:33,west,660,22.022,2,car,0.4553,b'\x8f\x00\x00\x00\x00\x00\x00\x00',b'\x9d\x00\x00\x00\x00\x00\x00\x00',b'\xa4\x00\x00\x00\x00\x00\x00\x00',b'\xbb\x00\x00\x00\x00\x00\x00\x00',738
147,2026-06-24 10:45:33,west,660,22.022,2,car,0.4648,b'\x01\x00\x00\x00\x00\x00\x00\x00',b'\xbd\x00\x00\x00\x00\x00\x00\x00',b'5\x00\x00\x00\x00\x00\x00\x00',b'\xfc\x00\x00\x00\x00\x00\x00\x00',737
146,2026-06-24 10:45:33,west,660,22.022,2,car,0.492,b'\xae\x00\x00\x00\x00\x00\x00\x00',b'n\x00\x00\x00\x00\x00\x00\x00',b'\xb9\x00\x00\x00\x00\x00\x00\x00',b'|\x00\x00\x00\x00\x00\x00\x00',736
145,2026-06-24 10:45:33,west,660,22.022,2,car,0.5268,b'V\x01\x00\x00\x00\x00\x00\x00',b'\x07\x01\x00\x00\x00\x00\x00\x00',b'\x9f\x01\x00\x00\x00\x00\x00\x00',b'W\x01\x00\x00\x00\x00\x00\x00',735
144,2026-06-24 10:45:33,west,660,22.022,2,car,0.5782,b'\xef\x00\x00\x00\x00\x00\x00\x00',b'\x98\x00\x00\x00\x00\x00\x00\x00',b'\x03\x01\x00\x00\x00\x00\x00\x00',b'\xb3\x00\x00\x00\x00\x00\x00\x00',734
143,2026-06-24 10:45:33,west,645,21.5215,2,car,0.4451,b'\x96\x00\x00\x00\x00\x00\x00\x00',b'`\x00\x00\x00\x00\x00\x00\x00',b'\xa1\x00\x00\x00\x00\x00\x00\x00',b'n\x00\x00\x00\x00\x00\x00\x00',724
142,2026-06-24 10:45:33,west,645,21.5215,2,car,0.4894,b'\xa3\x00\x00\x00\x00\x00\x00\x00',b'~\x00\x00\x00\x00\x00\x00\x00',b'\xb1\x00\x00\x00\x00\x00\x00\x00',b'\x90\x00\x00\x00\x00\x00\x00\x00',723
141,2026-06-24 10:45:33,west,645,21.5215,2,car,0.6842,b'\x0b\x01\x00\x00\x00\x00\x00\x00',b'\xe4\x00\x00\x00\x00\x00\x00\x00',b'6\x01\x00\x00\x00\x00\x00\x00',b'\x17\x01\x00\x00\x00\x00\x00\x00',722
140,2026-06-24 10:45:33,west,630,21.021,2,car,0.5271,b'w\x00\x00\x00\x00\x00\x00\x00',b'u\x00\x00\x00\x00\x00\x00\x00',b'\x88\x00\x00\x00\x00\x00\x00\x00',b'\x89\x00\x00\x00\x00\x00\x00\x00',714
139,2026-06-24 10:45:33,west,615,20.5205,2,car,0.4376,b'=\x00\x00\x00\x00\x00\x00\x00',b'\xa3\x00\x00\x00\x00\x00\x00\x00',b'm\x00\x00\x00\x00\x00\x00\x00',b'\xf2\x00\x00\x00\x00\x00\x00\x00',703
138,2026-06-24 10:45:33,west,615,20.5205,2,car,0.6026,b'\x87\x00\x00\x00\x00\x00\x00\x00',b'd\x00\x00\x00\x00\x00\x00\x00',b'\x96\x00\x00\x00\x00\x00\x00\x00',b'w\x00\x00\x00\x00\x00\x00\x00',702
137,2026-06-24 10:45:33,west,615,20.5205,7,truck,0.6037,b'<\x00\x00\x00\x00\x00\x00\x00',b'\xa3\x00\x00\x00\x00\x00\x00\x00',b'n\x00\x00\x00\x00\x00\x00\x00',b'\xf2\x00\x00\x00\x00\x00\x00\x00',701
136,2026-06-24 10:45:33,west,615,20.5205,2,car,0.6994,b'\x06\x01\x00\x00\x00\x00\x00\x00',b'x\x00\x00\x00\x00\x00\x00\x00',b'\x15\x01\x00\x00\x00\x00\x00\x00',b'\x84\x00\x00\x00\x00\x00\x00\x00',700
135,2026-06-24 10:45:33,west,600,20.02,2,car,0.5302,b'\x18\x01\x00\x00\x00\x00\x00\x00',b'\x8d\x00\x00\x00\x00\x00\x00\x00',b'-\x01\x00\x00\x00\x00\x00\x00',b'\x9e\x00\x00\x00\x00\x00\x00\x00',687
134,2026-06-24 10:45:33,west,540,18.018,2,car,0.4544,b')\x01\x00\x00\x00\x00\x00\x00',b'\x80\x00\x00\x00\x00\x00\x00\x00',b'=\x01\x00\x00\x00\x00\x00\x00',b'\x93\x00\x00\x00\x00\x00\x00\x00',673
133,2026-06-24 10:45:33,west,525,17.5175,2,car,0.4309,b'|\x00\x00\x00\x00\x00\x00\x00',b'y\x00\x00\x00\x00\x00\x00\x00',b'\x8b\x00\x00\x00\x00\x00\x00\x00',b'\x8b\x00\x00\x00\x00\x00\x00\x00',661
132,2026-06-24 10:45:33,west,525,17.5175,2,car,0.7028,b'L\x01\x00\x00\x00\x00\x00\x00',b'\x9b\x00\x00\x00\x00\x00\x00\x00',b'i\x01\x00\x00\x00\x00\x00\x00',b'\xb7\x00\x00\x00\x00\x00\x00\x00',660
131,2026-06-24 10:45:33,west,510,17.017,2,car,0.8027,"b""'\x00\x00\x00\x00\x00\x00\x00""",b'\x99\x00\x00\x00\x00\x00\x00\x00',b'F\x00\x00\x00\x00\x00\x00\x00',b'\xb7\x00\x00\x00\x00\x00\x00\x00',650
130,2026-06-24 10:45:33,west,480,16.016,2,car,0.5131,b'\x00\x01\x00\x00\x00\x00\x00\x00',b't\x00\x00\x00\x00\x00\x00\x00',b'\x0f\x01\x00\x00\x00\x00\x00\x00',b'\x83\x00\x00\x00\x00\x00\x00\x00',639
129,2026-06-24 10:45:33,west,480,16.016,2,car,0.7132,b'o\x00\x00\x00\x00\x00\x00\x00',b'u\x00\x00\x00\x00\x00\x00\x00',b'|\x00\x00\x00\x00\x00\x00\x00',b'\x84\x00\x00\x00\x00\x00\x00\x00',638
128,2026-06-24 10:45:33,west,465,15.5155,2,car,0.4041,b'\x17\x01\x00\x00\x00\x00\x00\x00',b'\xaa\x00\x00\x00\x00\x00\x00\x00',b'=\x01\x00\x00\x00\x00\x00\x00',b'\xdb\x00\x00\x00\x00\x00\x00\x00',629
127,2026-06-24 10:45:33,west,465,15.5155,7,truck,0.5199,b'\x18\x01\x00\x00\x00\x00\x00\x00',b'\xab\x00\x00\x00\x00\x00\x00\x00',b'=\x01\x00\x00\x00\x00\x00\x00',b'\xda\x00\x00\x00\x00\x00\x00\x00',628
126,2026-06-24 10:45:33,west,465,15.5155,2,car,0.5313,b'\xee\x00\x00\x00\x00\x00\x00\x00',b'y\x00\x00\x00\x00\x00\x00\x00',b'\xfb\x00\x00\x00\x00\x00\x00\x00',b'\x88\x00\x00\x00\x00\x00\x00\x00',627
125,2026-06-24 10:45:33,west,465,15.5155,2,car,0.7732,b'\x0f\x01\x00\x00\x00\x00\x00\x00',b'\x82\x00\x00\x00\x00\x00\x00\x00',b'#\x01\x00\x00\x00\x00\x00\x00',b'\x97\x00\x00\x00\x00\x00\x00\x00',626
124,2026-06-24 10:45:33,west,450,15.015,2,car,0.5624,b'.\x01\x00\x00\x00\x00\x00\x00',b'\x9d\x00\x00\x00\x00\x00\x00\x00',b'K\x01\x00\x00\x00\x00\x00\x00',b'\xbd\x00\x00\x00\x00\x00\x00\x00',614
123,2026-06-24 10:45:33,west,450,15.015,2,car,0.7002,b'\xf9\x00\x00\x00\x00\x00\x00\x00',b'\x8c\x00\x00\x00\x00\x00\x00\x00',b'\n\x01\x00\x00\x00\x00\x00\x00',b'\xa1\x00\x00\x00\x00\x00\x00\x00',613
122,2026-06-24 10:45:33,west,450,15.015,2,car,0.7649,b'i\x01\x00\x00\x00\x00\x00\x00',b'\x1c\x01\x00\x00\x00\x00\x00\x00',b'\x9f\x01\x00\x00\x00\x00\x00\x00',b'\x9e\x01\x00\x00\x00\x00\x00\x00',612
121,2026-06-24 10:45:33,west,435,14.5145,7,truck,0.4484,b't\x01\x00\x00\x00\x00\x00\x00',b'\xe2\x00\x00\x00\x00\x00\x00\x00',b'\x9f\x01\x00\x00\x00\x00\x00\x00',"b'""\x01\x00\x00\x00\x00\x00\x00'",593
120,2026-06-24 10:45:33,west,435,14.5145,2,car,0.4816,b'\r\x00\x00\x00\x00\x00\x00\x00',b'\xc7\x00\x00\x00\x00\x00\x00\x00',b':\x00\x00\x00\x00\x00\x00\x00',b'\xf9\x00\x00\x00\x00\x00\x00\x00',592
119,2026-06-24 10:45:33,west,435,14.5145,2,car,0.4909,b'\x10\x01\x00\x00\x00\x00\x00\x00',b'\xb9\x00\x00\x00\x00\x00\x00\x00',"b',\x01\x00\x00\x00\x00\x00\x00'",b'\xda\x00\x00\x00\x00\x00\x00\x00',591
118,2026-06-24 10:45:33,west,435,14.5145,2,car,0.5254,b'\xf0\x00\x00\x00\x00\x00\x00\x00',b'z\x00\x00\x00\x00\x00\x00\x00',b'\xfb\x00\x00\x00\x00\x00\x00\x00',b'\x8b\x00\x00\x00\x00\x00\x00\x00',590
117,2026-06-24 10:45:33,west,435,14.5145,2,car,0.5595,b'\xff\x00\x00\x00\x00\x00\x00\x00',b'l\x00\x00\x00\x00\x00\x00\x00',b'\t\x01\x00\x00\x00\x00\x00\x00',b'w\x00\x00\x00\x00\x00\x00\x00',589
116,2026-06-24 10:45:33,west,435,14.5145,2,car,0.7205,b'\x0e\x01\x00\x00\x00\x00\x00\x00',b'\x87\x00\x00\x00\x00\x00\x00\x00',b'\x1e\x01\x00\x00\x00\x00\x00\x00',b'\x98\x00\x00\x00\x00\x00\x00\x00',588
115,2026-06-24 10:45:33,west,435,14.5145,2,car,0.7315,b'\xde\x00\x00\x00\x00\x00\x00\x00',b'z\x00\x00\x00\x00\x00\x00\x00',b'\xea\x00\x00\x00\x00\x00\x00\x00',b'\x87\x00\x00\x00\x00\x00\x00\x00',587
114,2026-06-24 10:45:33,west,420,14.014,2,car,0.5234,b'\xfb\x00\x00\x00\x00\x00\x00\x00',b'\x90\x00\x00\x00\x00\x00\x00\x00',b'\x0b\x01\x00\x00\x00\x00\x00\x00',b'\xa5\x00\x00\x00\x00\x00\x00\x00',561
113,2026-06-24 10:45:33,west,420,14.014,2,car,0.6537,b'*\x01\x00\x00\x00\x00\x00\x00',b'\xa7\x00\x00\x00\x00\x00\x00\x00',b'C\x01\x00\x00\x00\x00\x00\x00',b'\xc1\x00\x00\x00\x00\x00\x00\x00',560
112,2026-06-24 10:45:33,west,420,14.014,2,car,0.6959,b'\xe4\x00\x00\x00\x00\x00\x00\x00',b'\x90\x00\x00\x00\x00\x00\x00\x00',b'\xf2\x00\x00\x00\x00\x00\x00\x00',b'\xa2\x00\x00\x00\x00\x00\x00\x00',559
111,2026-06-24 10:45:33,west,420,14.014,2,car,0.7064,b'V\x01\x00\x00\x00\x00\x00\x00',b'9\x01\x00\x00\x00\x00\x00\x00',b'\xa0\x01\x00\x00\x00\x00\x00\x00',b'\x9d\x01\x00\x00\x00\x00\x00\x00',558
110,2026-06-24 10:45:33,west,420,14.014,2,car,0.7336,b'\x0c\x01\x00\x00\x00\x00\x00\x00',b'|\x00\x00\x00\x00\x00\x00\x00',b'\x19\x01\x00\x00\x00\x00\x00\x00',b'\x8a\x00\x00\x00\x00\x00\x00\x00',557
109,2026-06-24 10:45:33,west,420,14.014,2,car,0.756,b'Q\x00\x00\x00\x00\x00\x00\x00',b'\xa4\x00\x00\x00\x00\x00\x00\x00',b'j\x00\x00\x00\x00\x00\x00\x00',b'\xbf\x00\x00\x00\x00\x00\x00\x00',556
108,2026-06-24 10:45:33,west,420,14.014,2,car,0.8394,b'\x1e\x00\x00\x00\x00\x00\x00\x00',b'\xab\x00\x00\x00\x00\x00\x00\x00',b'@\x00\x00\x00\x00\x00\x00\x00',b'\xcc\x00\x00\x00\x00\x00\x00\x00',555
107,2026-06-24 10:45:33,west,405,13.5135,2,car,0.4812,b'\x11\x01\x00\x00\x00\x00\x00\x00',b'\xb0\x00\x00\x00\x00\x00\x00\x00',b'(\x01\x00\x00\x00\x00\x00\x00',b'\xd1\x00\x00\x00\x00\x00\x00\x00',528
106,2026-06-24 10:45:33,west,405,13.5135,2,car,0.5867,b'\x07\x00\x00\x00\x00\x00\x00\x00',b'\xbc\x00\x00\x00\x00\x00\x00\x00',b'.\x00\x00\x00\x00\x00\x00\x00',b'\xe7\x00\x00\x00\x00\x00\x00\x00',527
105,2026-06-24 10:45:33,west,405,13.5135,2,car,0.635,b'!\x01\x00\x00\x00\x00\x00\x00',b'\x92\x00\x00\x00\x00\x00\x00\x00',b'4\x01\x00\x00\x00\x00\x00\x00',b'\xa4\x00\x00\x00\x00\x00\x00\x00',526
104,2026-06-24 10:45:33,west,405,13.5135,2,car,0.6736,b'\xf0\x00\x00\x00\x00\x00\x00\x00',b'\xb2\x00\x00\x00\x00\x00\x00\x00',b'\x06\x01\x00\x00\x00\x00\x00\x00',b'\xcd\x00\x00\x00\x00\x00\x00\x00',525
103,2026-06-24 10:45:33,west,405,13.5135,2,car,0.7097,b'l\x01\x00\x00\x00\x00\x00\x00',b'\xec\x00\x00\x00\x00\x00\x00\x00',b'\x9f\x01\x00\x00\x00\x00\x00\x00',b'\x1d\x01\x00\x00\x00\x00\x00\x00',524
102,2026-06-24 10:45:33,west,405,13.5135,2,car,0.7338,b'T\x00\x00\x00\x00\x00\x00\x00',b'\x99\x00\x00\x00\x00\x00\x00\x00',b'i\x00\x00\x00\x00\x00\x00\x00',b'\xad\x00\x00\x00\x00\x00\x00\x00',523
101,2026-06-24 10:45:33,west,405,13.5135,2,car,0.7882,b't\x00\x00\x00\x00\x00\x00\x00',b'\x95\x00\x00\x00\x00\x00\x00\x00',b'\x85\x00\x00\x00\x00\x00\x00\x00',b'\xa8\x00\x00\x00\x00\x00\x00\x00',522
100,2026-06-24 10:39:50,west,390,13.013,2,car,0.4125,b'$\x00\x00\x00\x00\x00\x00\x00',b'O\x00\x00\x00\x00\x00\x00\x00',b'2\x00\x00\x00\x00\x00\x00\x00',b'Z\x00\x00\x00\x00\x00\x00\x00',496
99,2026-06-24 10:39:50,west,390,13.013,2,car,0.4439,b'\x04\x01\x00\x00\x00\x00\x00\x00',b'\x86\x00\x00\x00\x00\x00\x00\x00',b'\x10\x01\x00\x00\x00\x00\x00\x00',b'\x96\x00\x00\x00\x00\x00\x00\x00',495
98,2026-06-24 10:39:50,west,390,13.013,2,car,0.4532,b'\x88\x00\x00\x00\x00\x00\x00\x00',b'\x8c\x00\x00\x00\x00\x00\x00\x00',b'\x95\x00\x00\x00\x00\x00\x00\x00',b'\x9a\x00\x00\x00\x00\x00\x00\x00',494
97,2026-06-24 10:39:50,west,390,13.013,7,truck,0.5026,b'\n\x01\x00\x00\x00\x00\x00\x00',b'\xf6\x00\x00\x00\x00\x00\x00\x00',b'1\x01\x00\x00\x00\x00\x00\x00',"b""'\x01\x00\x00\x00\x00\x00\x00""",493
96,2026-06-24 10:39:50,west,390,13.013,2,car,0.5343,b'\xf9\x00\x00\x00\x00\x00\x00\x00',b'\x95\x00\x00\x00\x00\x00\x00\x00',b'\x07\x01\x00\x00\x00\x00\x00\x00',b'\xa6\x00\x00\x00\x00\x00\x00\x00',492
95,2026-06-24 10:39:50,west,390,13.013,2,car,0.5741,b'<\x01\x00\x00\x00\x00\x00\x00',b'\xef\x00\x00\x00\x00\x00\x00\x00',b'l\x01\x00\x00\x00\x00\x00\x00',b'%\x01\x00\x00\x00\x00\x00\x00',491
94,2026-06-24 10:39:50,west,390,13.013,2,car,0.6494,b'H\x01\x00\x00\x00\x00\x00\x00',b'\xaf\x00\x00\x00\x00\x00\x00\x00',b'f\x01\x00\x00\x00\x00\x00\x00',b'\xcd\x00\x00\x00\x00\x00\x00\x00',490
93,2026-06-24 10:39:50,west,390,13.013,2,car,0.6905,b'I\x00\x00\x00\x00\x00\x00\x00',b'\xa0\x00\x00\x00\x00\x00\x00\x00',b'`\x00\x00\x00\x00\x00\x00\x00',b'\xb9\x00\x00\x00\x00\x00\x00\x00',489
92,2026-06-24 10:39:50,west,390,13.013,2,car,0.8671,b'r\x00\x00\x00\x00\x00\x00\x00',b'\x8c\x00\x00\x00\x00\x00\x00\x00',b'\x7f\x00\x00\x00\x00\x00\x00\x00',b'\x9c\x00\x00\x00\x00\x00\x00\x00',488
91,2026-06-24 10:39:50,west,375,12.5125,2,car,0.4309,b'\x83\x00\x00\x00\x00\x00\x00\x00',b'\x87\x00\x00\x00\x00\x00\x00\x00',b'\x8d\x00\x00\x00\x00\x00\x00\x00',b'\x93\x00\x00\x00\x00\x00\x00\x00',466
90,2026-06-24 10:39:50,west,375,12.5125,3,motorcycle,0.4532,b'\x12\x01\x00\x00\x00\x00\x00\x00',b'\x95\x00\x00\x00\x00\x00\x00\x00',b'%\x01\x00\x00\x00\x00\x00\x00',b'\xad\x00\x00\x00\x00\x00\x00\x00',465
89,2026-06-24 10:39:50,west,375,12.5125,2,car,0.5116,b'\x94\x00\x00\x00\x00\x00\x00\x00',b'\x86\x00\x00\x00\x00\x00\x00\x00',b'\x9e\x00\x00\x00\x00\x00\x00\x00',b'\x92\x00\x00\x00\x00\x00\x00\x00',464
88,2026-06-24 10:39:50,west,375,12.5125,2,car,0.7263,b'j\x00\x00\x00\x00\x00\x00\x00',b'\x93\x00\x00\x00\x00\x00\x00\x00',b'z\x00\x00\x00\x00\x00\x00\x00',b'\xa5\x00\x00\x00\x00\x00\x00\x00',463
87,2026-06-24 10:39:50,west,360,12.012,2,car,0.564,b'(\x01\x00\x00\x00\x00\x00\x00',b'\xdc\x00\x00\x00\x00\x00\x00\x00',b'L\x01\x00\x00\x00\x00\x00\x00',b'\x06\x01\x00\x00\x00\x00\x00\x00',451
86,2026-06-24 10:39:50,west,360,12.012,2,car,0.5693,b'~\x00\x00\x00\x00\x00\x00\x00',b'\x8d\x00\x00\x00\x00\x00\x00\x00',b'\x8a\x00\x00\x00\x00\x00\x00\x00',b'\x9c\x00\x00\x00\x00\x00\x00\x00',450
85,2026-06-24 10:39:50,west,360,12.012,2,car,0.5822,b'\x05\x00\x00\x00\x00\x00\x00\x00',b'\xf7\x00\x00\x00\x00\x00\x00\x00',b'M\x00\x00\x00\x00\x00\x00\x00',b'Z\x01\x00\x00\x00\x00\x00\x00',449
84,2026-06-24 10:39:50,west,345,11.5115,2,car,0.495,b')\x00\x00\x00\x00\x00\x00\x00',b'\xc0\x00\x00\x00\x00\x00\x00\x00',b'H\x00\x00\x00\x00\x00\x00\x00',b'\xe5\x00\x00\x00\x00\x00\x00\x00',435
83,2026-06-24 10:39:50,west,330,11.011,2,car,0.4223,b'\x88\x00\x00\x00\x00\x00\x00\x00',b'\xc5\x00\x00\x00\x00\x00\x00\x00',b'\x9a\x00\x00\x00\x00\x00\x00\x00',b'\xdf\x00\x00\x00\x00\x00\x00\x00',415
82,2026-06-24 10:39:50,west,330,11.011,2,car,0.4576,b'Y\x00\x00\x00\x00\x00\x00\x00',b'\xc4\x00\x00\x00\x00\x00\x00\x00',b'm\x00\x00\x00\x00\x00\x00\x00',b'\xdd\x00\x00\x00\x00\x00\x00\x00',414
81,2026-06-24 10:39:50,west,330,11.011,7,truck,0.587,b'\xff\x00\x00\x00\x00\x00\x00\x00',b'\x9e\x00\x00\x00\x00\x00\x00\x00',b'\x17\x01\x00\x00\x00\x00\x00\x00',b'\xbe\x00\x00\x00\x00\x00\x00\x00',413
80,2026-06-24 10:39:50,west,330,11.011,2,car,0.673,b'\x01\x00\x00\x00\x00\x00\x00\x00',b'\x01\x01\x00\x00\x00\x00\x00\x00',b'8\x00\x00\x00\x00\x00\x00\x00',b'F\x01\x00\x00\x00\x00\x00\x00',412
79,2026-06-24 10:39:50,west,315,10.5105,2,car,0.4737,b't\x00\x00\x00\x00\x00\x00\x00',b'\xc4\x00\x00\x00\x00\x00\x00\x00',b'\x81\x00\x00\x00\x00\x00\x00\x00',b'\xd6\x00\x00\x00\x00\x00\x00\x00',396
78,2026-06-24 10:39:50,west,315,10.5105,2,car,0.5159,b'U\x00\x00\x00\x00\x00\x00\x00',b'\xe1\x00\x00\x00\x00\x00\x00\x00',b'p\x00\x00\x00\x00\x00\x00\x00',b'\x05\x01\x00\x00\x00\x00\x00\x00',395
77,2026-06-24 10:39:50,west,315,10.5105,2,car,0.5251,b'\x99\x00\x00\x00\x00\x00\x00\x00',b'\xc4\x00\x00\x00\x00\x00\x00\x00',b'\xa7\x00\x00\x00\x00\x00\x00\x00',b'\xd5\x00\x00\x00\x00\x00\x00\x00',394
76,2026-06-24 10:39:50,west,315,10.5105,2,car,0.6374,b'\x9d\x00\x00\x00\x00\x00\x00\x00',b'\xdd\x00\x00\x00\x00\x00\x00\x00',b'\xae\x00\x00\x00\x00\x00\x00\x00',b'\xf9\x00\x00\x00\x00\x00\x00\x00',393
75,2026-06-24 10:39:50,west,315,10.5105,7,truck,0.6787,b'\x06\x01\x00\x00\x00\x00\x00\x00',b'\xaf\x00\x00\x00\x00\x00\x00\x00',b'&\x01\x00\x00\x00\x00\x00\x00',b'\xd6\x00\x00\x00\x00\x00\x00\x00',392
74,2026-06-24 10:39:50,west,300,10.01,2,car,0.5346,b'\x85\x00\x00\x00\x00\x00\x00\x00',b'\xbc\x00\x00\x00\x00\x00\x00\x00',b'\x8f\x00\x00\x00\x00\x00\x00\x00',b'\xc9\x00\x00\x00\x00\x00\x00\x00',371
73,2026-06-24 10:39:50,west,300,10.01,2,car,0.5893,b'\xaa\x00\x00\x00\x00\x00\x00\x00',b'\xc8\x00\x00\x00\x00\x00\x00\x00',b'\xb7\x00\x00\x00\x00\x00\x00\x00',b'\xdc\x00\x00\x00\x00\x00\x00\x00',370
72,2026-06-24 10:39:50,west,300,10.01,2,car,0.6754,b'\xe6\x00\x00\x00\x00\x00\x00\x00',b'\xce\x00\x00\x00\x00\x00\x00\x00',b'\xf3\x00\x00\x00\x00\x00\x00\x00',b'\xdd\x00\x00\x00\x00\x00\x00\x00',369
71,2026-06-24 10:39:50,west,300,10.01,2,car,0.7492,b'x\x00\x00\x00\x00\x00\x00\x00',b'\xce\x00\x00\x00\x00\x00\x00\x00',b'\x8a\x00\x00\x00\x00\x00\x00\x00',b'\xe3\x00\x00\x00\x00\x00\x00\x00',368
70,2026-06-24 10:39:50,west,300,10.01,7,truck,0.8139,b'\x11\x01\x00\x00\x00\x00\x00\x00',b'\xb2\x00\x00\x00\x00\x00\x00\x00',b'=\x01\x00\x00\x00\x00\x00\x00',b'\xe5\x00\x00\x00\x00\x00\x00\x00',367
69,2026-06-24 10:39:50,west,285,9.5095,2,car,0.5271,b'\xf1\x00\x00\x00\x00\x00\x00\x00',b'\xe3\x00\x00\x00\x00\x00\x00\x00',b'\x03\x01\x00\x00\x00\x00\x00\x00',b'\xfc\x00\x00\x00\x00\x00\x00\x00',352
68,2026-06-24 10:39:50,west,285,9.5095,2,car,0.6166,b'\x8b\x00\x00\x00\x00\x00\x00\x00',b'\xbe\x00\x00\x00\x00\x00\x00\x00',b'\x99\x00\x00\x00\x00\x00\x00\x00',b'\xce\x00\x00\x00\x00\x00\x00\x00',351
67,2026-06-24 10:39:50,west,285,9.5095,7,truck,0.7173,b' \x01\x00\x00\x00\x00\x00\x00',b'\xb5\x00\x00\x00\x00\x00\x00\x00',b'c\x01\x00\x00\x00\x00\x00\x00',b'\xfb\x00\x00\x00\x00\x00\x00\x00',350
66,2026-06-24 10:39:50,west,270,9.009,2,car,0.577,b'\n\x01\x00\x00\x00\x00\x00\x00',b'\x1c\x01\x00\x00\x00\x00\x00\x00',b'/\x01\x00\x00\x00\x00\x00\x00',b'L\x01\x00\x00\x00\x00\x00\x00',345
65,2026-06-24 10:39:50,west,255,8.5085,7,truck,0.5636,b'd\x01\x00\x00\x00\x00\x00\x00',b'\xd1\x00\x00\x00\x00\x00\x00\x00',b'\x9f\x01\x00\x00\x00\x00\x00\x00',b'6\x01\x00\x00\x00\x00\x00\x00',340
64,2026-06-24 10:39:50,west,240,8.008,2,car,0.5494,b'\x86\x01\x00\x00\x00\x00\x00\x00',b'\x89\x00\x00\x00\x00\x00\x00\x00',b'\x97\x01\x00\x00\x00\x00\x00\x00',b'\x94\x00\x00\x00\x00\x00\x00\x00',337
63,2026-06-24 10:39:50,west,225,7.5075,2,car,0.6592,b'.\x00\x00\x00\x00\x00\x00\x00',b'\xf3\x00\x00\x00\x00\x00\x00\x00',b'V\x00\x00\x00\x00\x00\x00\x00',b'\x1f\x01\x00\x00\x00\x00\x00\x00',326
62,2026-06-24 10:39:50,west,210,7.007,2,car,0.5452,b'|\x01\x00\x00\x00\x00\x00\x00',b'\x1d\x01\x00\x00\x00\x00\x00\x00',b'\x9f\x01\x00\x00\x00\x00\x00\x00',b'[\x01\x00\x00\x00\x00\x00\x00',314
61,2026-06-24 10:39:50,west,210,7.007,2,car,0.6486,b'2\x01\x00\x00\x00\x00\x00\x00',b'\xc5\x00\x00\x00\x00\x00\x00\x00',b'E\x01\x00\x00\x00\x00\x00\x00',b'\xd8\x00\x00\x00\x00\x00\x00\x00',313
60,2026-06-24 10:39:50,west,210,7.007,2,car,0.8258,b'l\x00\x00\x00\x00\x00\x00\x00',b'\xc4\x00\x00\x00\x00\x00\x00\x00',b'\x80\x00\x00\x00\x00\x00\x00\x00',b'\xdb\x00\x00\x00\x00\x00\x00\x00',312
59,2026-06-24 10:39:50,west,195,6.5065,2,car,0.5039,b'R\x00\x00\x00\x00\x00\x00\x00',b'\xf2\x00\x00\x00\x00\x00\x00\x00',b'w\x00\x00\x00\x00\x00\x00\x00',b' \x01\x00\x00\x00\x00\x00\x00',301
58,2026-06-24 10:39:50,west,195,6.5065,2,car,0.6321,b'\x86\x00\x00\x00\x00\x00\x00\x00',b'\xac\x00\x00\x00\x00\x00\x00\x00',b'\x93\x00\x00\x00\x00\x00\x00\x00',b'\xbc\x00\x00\x00\x00\x00\x00\x00',300
57,2026-06-24 10:39:50,west,195,6.5065,2,car,0.6432,b'W\x01\x00\x00\x00\x00\x00\x00',b'\xdb\x00\x00\x00\x00\x00\x00\x00',b'v\x01\x00\x00\x00\x00\x00\x00',b'\xfa\x00\x00\x00\x00\x00\x00\x00',299
56,2026-06-24 10:39:50,west,180,6.006,2,car,0.4256,b'\x00\x00\x00\x00\x00\x00\x00\x00',b'\xea\x00\x00\x00\x00\x00\x00\x00',b'\x14\x00\x00\x00\x00\x00\x00\x00',b'\x19\x01\x00\x00\x00\x00\x00\x00',284
55,2026-06-24 10:39:50,west,180,6.006,2,car,0.5142,b'\x0b\x01\x00\x00\x00\x00\x00\x00',b'\xa0\x00\x00\x00\x00\x00\x00\x00',b'\x16\x01\x00\x00\x00\x00\x00\x00',b'\xac\x00\x00\x00\x00\x00\x00\x00',283
54,2026-06-24 10:39:50,west,180,6.006,2,car,0.5748,b'\x95\x00\x00\x00\x00\x00\x00\x00',b'\x9e\x00\x00\x00\x00\x00\x00\x00',b'\xa0\x00\x00\x00\x00\x00\x00\x00',b'\xaa\x00\x00\x00\x00\x00\x00\x00',282
53,2026-06-24 10:39:50,west,180,6.006,2,car,0.6858,b'\x84\x00\x00\x00\x00\x00\x00\x00',b'\xc2\x00\x00\x00\x00\x00\x00\x00',b'\x96\x00\x00\x00\x00\x00\x00\x00',b'\xda\x00\x00\x00\x00\x00\x00\x00',281
52,2026-06-24 10:39:50,west,180,6.006,2,car,0.688,b'\xf3\x00\x00\x00\x00\x00\x00\x00',b'\xa6\x00\x00\x00\x00\x00\x00\x00',b'\xff\x00\x00\x00\x00\x00\x00\x00',b'\xb4\x00\x00\x00\x00\x00\x00\x00',280
51,2026-06-24 10:39:50,west,180,6.006,2,car,0.7846,b'$\x01\x00\x00\x00\x00\x00\x00',b'\xb2\x00\x00\x00\x00\x00\x00\x00',b'7\x01\x00\x00\x00\x00\x00\x00',b'\xc4\x00\x00\x00\x00\x00\x00\x00',279
50,2026-06-24 10:39:50,west,165,5.5055,2,car,0.4235,b'/\x00\x00\x00\x00\x00\x00\x00',b'\xc3\x00\x00\x00\x00\x00\x00\x00',b'N\x00\x00\x00\x00\x00\x00\x00',b'\xe8\x00\x00\x00\x00\x00\x00\x00',256
49,2026-06-24 10:39:50,west,165,5.5055,2,car,0.4394,b'7\x00\x00\x00\x00\x00\x00\x00',b'\xf6\x00\x00\x00\x00\x00\x00\x00',b'd\x00\x00\x00\x00\x00\x00\x00',b'9\x01\x00\x00\x00\x00\x00\x00',255
48,2026-06-24 10:39:50,west,165,5.5055,2,car,0.5633,b'\xfb\x00\x00\x00\x00\x00\x00\x00',b'\xb2\x00\x00\x00\x00\x00\x00\x00',b'\r\x01\x00\x00\x00\x00\x00\x00',b'\xc7\x00\x00\x00\x00\x00\x00\x00',254
47,2026-06-24 10:39:50,west,165,5.5055,2,car,0.6906,b'\x98\x00\x00\x00\x00\x00\x00\x00',b'\xac\x00\x00\x00\x00\x00\x00\x00',b'\xa6\x00\x00\x00\x00\x00\x00\x00',b'\xbc\x00\x00\x00\x00\x00\x00\x00',253
46,2026-06-24 10:39:50,west,165,5.5055,2,car,0.717,b'\x16\x01\x00\x00\x00\x00\x00\x00',b'\xa7\x00\x00\x00\x00\x00\x00\x00',b'$\x01\x00\x00\x00\x00\x00\x00',b'\xb7\x00\x00\x00\x00\x00\x00\x00',252
45,2026-06-24 10:39:50,west,165,5.5055,2,car,0.7198,b'@\x01\x00\x00\x00\x00\x00\x00',b'\xc6\x00\x00\x00\x00\x00\x00\x00',b'Z\x01\x00\x00\x00\x00\x00\x00',b'\xdf\x00\x00\x00\x00\x00\x00\x00',251
44,2026-06-24 10:39:50,west,150,5.005,2,car,0.5894,b'\x13\x01\x00\x00\x00\x00\x00\x00',b'\xa8\x00\x00\x00\x00\x00\x00\x00',b'\x1f\x01\x00\x00\x00\x00\x00\x00',b'\xb4\x00\x00\x00\x00\x00\x00\x00',227
43,2026-06-24 10:39:50,west,150,5.005,2,car,0.6132,b'z\x00\x00\x00\x00\x00\x00\x00',b'\xc5\x00\x00\x00\x00\x00\x00\x00',b'\x8e\x00\x00\x00\x00\x00\x00\x00',b'\xe5\x00\x00\x00\x00\x00\x00\x00',226
42,2026-06-24 10:39:50,west,150,5.005,2,car,0.6296,b'\x0f\x01\x00\x00\x00\x00\x00\x00',b'\xcc\x00\x00\x00\x00\x00\x00\x00',"b""'\x01\x00\x00\x00\x00\x00\x00""",b'\xec\x00\x00\x00\x00\x00\x00\x00',225
41,2026-06-24 10:39:50,west,150,5.005,2,car,0.6321,b'Y\x00\x00\x00\x00\x00\x00\x00',b'\xb3\x00\x00\x00\x00\x00\x00\x00',b'n\x00\x00\x00\x00\x00\x00\x00',b'\xcd\x00\x00\x00\x00\x00\x00\x00',224
40,2026-06-24 10:39:50,west,150,5.005,2,car,0.6868,b'(\x01\x00\x00\x00\x00\x00\x00',b'\xb7\x00\x00\x00\x00\x00\x00\x00',b';\x01\x00\x00\x00\x00\x00\x00',b'\xcb\x00\x00\x00\x00\x00\x00\x00',223
39,2026-06-24 10:39:50,west,150,5.005,2,car,0.785,b'x\x01\x00\x00\x00\x00\x00\x00',b'\xf3\x00\x00\x00\x00\x00\x00\x00',b'\x9f\x01\x00\x00\x00\x00\x00\x00',b'\x1b\x01\x00\x00\x00\x00\x00\x00',222
38,2026-06-24 10:39:50,west,135,4.5045,2,car,0.4558,b'r\x00\x00\x00\x00\x00\x00\x00',b'\xa7\x00\x00\x00\x00\x00\x00\x00',b'\x80\x00\x00\x00\x00\x00\x00\x00',b'\xb9\x00\x00\x00\x00\x00\x00\x00',198
37,2026-06-24 10:39:50,west,135,4.5045,2,car,0.5521,b'\x10\x01\x00\x00\x00\x00\x00\x00',b'\xa2\x00\x00\x00\x00\x00\x00\x00',b'\x1d\x01\x00\x00\x00\x00\x00\x00',b'\xb1\x00\x00\x00\x00\x00\x00\x00',197
36,2026-06-24 10:39:50,west,135,4.5045,2,car,0.5759,b'H\x01\x00\x00\x00\x00\x00\x00',b'\xcd\x00\x00\x00\x00\x00\x00\x00',b'e\x01\x00\x00\x00\x00\x00\x00',b'\xeb\x00\x00\x00\x00\x00\x00\x00',196
35,2026-06-24 10:39:50,west,135,4.5045,2,car,0.6264,b'\xe7\x00\x00\x00\x00\x00\x00\x00',b'\xb2\x00\x00\x00\x00\x00\x00\x00',b'\xf4\x00\x00\x00\x00\x00\x00\x00',b'\xc2\x00\x00\x00\x00\x00\x00\x00',195
34,2026-06-24 10:39:50,west,135,4.5045,2,car,0.7092,"b'""\x01\x00\x00\x00\x00\x00\x00'",b'\xb2\x00\x00\x00\x00\x00\x00\x00',b'3\x01\x00\x00\x00\x00\x00\x00',b'\xc3\x00\x00\x00\x00\x00\x00\x00',194
33,2026-06-24 10:39:50,west,135,4.5045,2,car,0.745,b'8\x01\x00\x00\x00\x00\x00\x00',b'\x04\x01\x00\x00\x00\x00\x00\x00',b'l\x01\x00\x00\x00\x00\x00\x00',b'=\x01\x00\x00\x00\x00\x00\x00',193
32,2026-06-24 10:39:50,west,135,4.5045,2,car,0.7721,b'\x93\x00\x00\x00\x00\x00\x00\x00',b'\xae\x00\x00\x00\x00\x00\x00\x00',b'\xa1\x00\x00\x00\x00\x00\x00\x00',b'\xc2\x00\x00\x00\x00\x00\x00\x00',192
31,2026-06-24 10:39:50,west,120,4.004,2,car,0.5007,b'\x82\x00\x00\x00\x00\x00\x00\x00',b'\x9c\x00\x00\x00\x00\x00\x00\x00',b'\x8c\x00\x00\x00\x00\x00\x00\x00',b'\xac\x00\x00\x00\x00\x00\x00\x00',162
30,2026-06-24 10:39:50,west,120,4.004,2,car,0.5728,b'\xf0\x00\x00\x00\x00\x00\x00\x00',b'\xc5\x00\x00\x00\x00\x00\x00\x00',b'\x03\x01\x00\x00\x00\x00\x00\x00',b'\xde\x00\x00\x00\x00\x00\x00\x00',161
29,2026-06-24 10:39:50,west,120,4.004,2,car,0.6009,b'\x04\x00\x00\x00\x00\x00\x00\x00',b'j\x00\x00\x00\x00\x00\x00\x00',b'\x15\x00\x00\x00\x00\x00\x00\x00',b'w\x00\x00\x00\x00\x00\x00\x00',160
28,2026-06-24 10:39:50,west,120,4.004,2,car,0.6883,b' \x01\x00\x00\x00\x00\x00\x00',b'\xac\x00\x00\x00\x00\x00\x00\x00',b'0\x01\x00\x00\x00\x00\x00\x00',b'\xbd\x00\x00\x00\x00\x00\x00\x00',159
27,2026-06-24 10:39:50,west,120,4.004,2,car,0.6981,b'\x8b\x01\x00\x00\x00\x00\x00\x00',b'\xfe\x00\x00\x00\x00\x00\x00\x00',b'\x9f\x01\x00\x00\x00\x00\x00\x00',b'$\x01\x00\x00\x00\x00\x00\x00',158
26,2026-06-24 10:39:50,west,120,4.004,2,car,0.77,b'=\x01\x00\x00\x00\x00\x00\x00',b'\xc5\x00\x00\x00\x00\x00\x00\x00',b'V\x01\x00\x00\x00\x00\x00\x00',b'\xdb\x00\x00\x00\x00\x00\x00\x00',157
25,2026-06-24 10:39:50,west,105,3.5035,2,car,0.4505,b'\x08\x01\x00\x00\x00\x00\x00\x00',b'\xff\x00\x00\x00\x00\x00\x00\x00',b'&\x01\x00\x00\x00\x00\x00\x00',b'(\x01\x00\x00\x00\x00\x00\x00',133
24,2026-06-24 10:39:50,west,105,3.5035,2,car,0.4896,b'\x13\x00\x00\x00\x00\x00\x00\x00',b'k\x00\x00\x00\x00\x00\x00\x00',b'#\x00\x00\x00\x00\x00\x00\x00',b'v\x00\x00\x00\x00\x00\x00\x00',132
23,2026-06-24 10:39:50,west,105,3.5035,2,car,0.5785,b'\x14\x01\x00\x00\x00\x00\x00\x00',b'\xcf\x00\x00\x00\x00\x00\x00\x00',b'.\x01\x00\x00\x00\x00\x00\x00',b'\xf2\x00\x00\x00\x00\x00\x00\x00',131
22,2026-06-24 10:39:50,west,105,3.5035,2,car,0.6328,b'\x0e\x01\x00\x00\x00\x00\x00\x00',b'\xb1\x00\x00\x00\x00\x00\x00\x00',b'\x1e\x01\x00\x00\x00\x00\x00\x00',b'\xc2\x00\x00\x00\x00\x00\x00\x00',130
21,2026-06-24 10:39:50,west,105,3.5035,2,car,0.6465,b'8\x01\x00\x00\x00\x00\x00\x00',b'\xbe\x00\x00\x00\x00\x00\x00\x00',b'Q\x01\x00\x00\x00\x00\x00\x00',b'\xd5\x00\x00\x00\x00\x00\x00\x00',129
20,2026-06-24 10:39:50,west,105,3.5035,2,car,0.7132,b'o\x01\x00\x00\x00\x00\x00\x00',b'\xed\x00\x00\x00\x00\x00\x00\x00',b'\x9c\x01\x00\x00\x00\x00\x00\x00',b'\x13\x01\x00\x00\x00\x00\x00\x00',128
19,2026-06-24 10:39:50,west,90,3.003,2,car,0.6527,b'&\x01\x00\x00\x00\x00\x00\x00',b'\xc8\x00\x00\x00\x00\x00\x00\x00',b'<\x01\x00\x00\x00\x00\x00\x00',b'\xe0\x00\x00\x00\x00\x00\x00\x00',107
18,2026-06-24 10:39:50,west,90,3.003,2,car,0.7036,b'h\x01\x00\x00\x00\x00\x00\x00',b'\xe1\x00\x00\x00\x00\x00\x00\x00',b'\x90\x01\x00\x00\x00\x00\x00\x00',b'\x08\x01\x00\x00\x00\x00\x00\x00',106
17,2026-06-24 10:39:50,west,90,3.003,2,car,0.8223,b'E\x01\x00\x00\x00\x00\x00\x00',b'\x16\x01\x00\x00\x00\x00\x00\x00',b'\x80\x01\x00\x00\x00\x00\x00\x00',b'X\x01\x00\x00\x00\x00\x00\x00',105
16,2026-06-24 10:39:50,west,75,2.5025,2,car,0.6024,"b',\x00\x00\x00\x00\x00\x00\x00'",b'n\x00\x00\x00\x00\x00\x00\x00',b':\x00\x00\x00\x00\x00\x00\x00',b'w\x00\x00\x00\x00\x00\x00\x00',85
15,2026-06-24 10:39:50,west,75,2.5025,2,car,0.757,b'X\x01\x00\x00\x00\x00\x00\x00',b'\xfa\x00\x00\x00\x00\x00\x00\x00',b'\x81\x01\x00\x00\x00\x00\x00\x00',b'#\x01\x00\x00\x00\x00\x00\x00',84
14,2026-06-24 10:39:50,west,60,2.002,2,car,0.4403,b'6\x00\x00\x00\x00\x00\x00\x00',b'o\x00\x00\x00\x00\x00\x00\x00',b'B\x00\x00\x00\x00\x00\x00\x00',b'x\x00\x00\x00\x00\x00\x00\x00',71
13,2026-06-24 10:39:50,west,60,2.002,2,car,0.5643,b'\x04\x01\x00\x00\x00\x00\x00\x00',b'\xfc\x00\x00\x00\x00\x00\x00\x00',b'*\x01\x00\x00\x00\x00\x00\x00',b'5\x01\x00\x00\x00\x00\x00\x00',70
12,2026-06-24 10:39:50,west,60,2.002,2,car,0.6201,b'm\x00\x00\x00\x00\x00\x00\x00',b'\xb5\x00\x00\x00\x00\x00\x00\x00',b'\x82\x00\x00\x00\x00\x00\x00\x00',b'\xce\x00\x00\x00\x00\x00\x00\x00',69
11,2026-06-24 10:39:50,west,45,1.5015,2,car,0.5094,b'&\x01\x00\x00\x00\x00\x00\x00',b'\xf1\x00\x00\x00\x00\x00\x00\x00',b'K\x01\x00\x00\x00\x00\x00\x00',b'\x1e\x01\x00\x00\x00\x00\x00\x00',50
10,2026-06-24 10:39:50,west,45,1.5015,2,car,0.569,b'#\x01\x00\x00\x00\x00\x00\x00',b'\xb6\x00\x00\x00\x00\x00\x00\x00',b'7\x01\x00\x00\x00\x00\x00\x00',b'\xcb\x00\x00\x00\x00\x00\x00\x00',49
9,2026-06-24 10:39:50,west,30,1.001,2,car,0.4687,b'\x8c\x00\x00\x00\x00\x00\x00\x00',b'\xba\x00\x00\x00\x00\x00\x00\x00',b'\x9c\x00\x00\x00\x00\x00\x00\x00',b'\xd1\x00\x00\x00\x00\x00\x00\x00',30
8,2026-06-24 10:39:50,west,30,1.001,2,car,0.5915,b'A\x01\x00\x00\x00\x00\x00\x00',b'\xcf\x00\x00\x00\x00\x00\x00\x00',b']\x01\x00\x00\x00\x00\x00\x00',b'\xed\x00\x00\x00\x00\x00\x00\x00',29
7,2026-06-24 10:39:50,west,30,1.001,2,car,0.6062,b'\x92\x00\x00\x00\x00\x00\x00\x00',b'\xa3\x00\x00\x00\x00\x00\x00\x00',b'\x9f\x00\x00\x00\x00\x00\x00\x00',b'\xb3\x00\x00\x00\x00\x00\x00\x00',28
6,2026-06-24 10:39:50,west,30,1.001,2,car,0.6662,b't\x01\x00\x00\x00\x00\x00\x00',b'\x1f\x01\x00\x00\x00\x00\x00\x00',b'\x9f\x01\x00\x00\x00\x00\x00\x00',b'U\x01\x00\x00\x00\x00\x00\x00',27
5,2026-06-24 10:39:50,west,30,1.001,2,car,0.6932,b'v\x01\x00\x00\x00\x00\x00\x00',b'l\x01\x00\x00\x00\x00\x00\x00',b'\x9f\x01\x00\x00\x00\x00\x00\x00',b'\x9f\x01\x00\x00\x00\x00\x00\x00',26
4,2026-06-24 10:39:50,west,15,0.5005,2,car,0.46,b'|\x00\x00\x00\x00\x00\x00\x00',b'\xd1\x00\x00\x00\x00\x00\x00\x00',b'\x91\x00\x00\x00\x00\x00\x00\x00',b'\xed\x00\x00\x00\x00\x00\x00\x00',14
3,2026-06-24 10:39:50,west,15,0.5005,2,car,0.539,b'\x14\x01\x00\x00\x00\x00\x00\x00',b'0\x01\x00\x00\x00\x00\x00\x00',b'G\x01\x00\x00\x00\x00\x00\x00',b'v\x01\x00\x00\x00\x00\x00\x00',13
2,2026-06-24 10:39:50,west,15,0.5005,2,car,0.6779,b'\x7f\x01\x00\x00\x00\x00\x00\x00',b'\xf8\x00\x00\x00\x00\x00\x00\x00',b'\x9f\x01\x00\x00\x00\x00\x00\x00',b'*\x01\x00\x00\x00\x00\x00\x00',12
1,2026-06-24 10:39:50,west,15,0.5005,2,car,0.6834,b'\x00\x00\x00\x00\x00\x00\x00\x00',b'\xf0\x00\x00\x00\x00\x00\x00\x00',b')\x00\x00\x00\x00\x00\x00\x00',b'\x1a\x01\x00\x00\x00\x00\x00\x00',11
