id,created_at,direction,frame_number,timestamp_sec,current_count,total_counted,count_car,count_motorcycle,count_bus,count_truck
400,2026-06-24 10:51:37,west,1500,50.05,3,0,15,0,0,4
399,2026-06-24 10:51:35,east,1497,49.9,4,6,10,0,1,0
398,2026-06-24 10:51:32,south,1494,21.0993,13,6,14,0,4,3
397,2026-06-24 10:51:30,north,1491,49.7,8,1,30,0,5,0
396,2026-06-24 10:51:26,west,1485,49.5495,4,0,15,0,0,0
395,2026-06-24 10:51:23,east,1482,49.4,2,6,10,0,1,0
394,2026-06-24 10:51:19,south,1479,20.5993,8,6,12,0,3,2
393,2026-06-24 10:51:16,north,1476,49.2,8,1,25,0,5,2
392,2026-06-24 10:51:08,west,1470,49.049,3,0,14,0,0,1
391,2026-06-24 10:51:05,east,1467,48.9,6,6,14,0,1,0
390,2026-06-24 10:51:03,south,1464,20.0993,8,6,11,0,4,0
389,2026-06-24 10:50:58,north,1461,48.7,9,1,34,0,5,1
388,2026-06-24 10:50:52,west,1455,48.5485,4,0,10,0,0,3
387,2026-06-24 10:50:47,east,1452,48.4,7,6,14,0,3,0
386,2026-06-24 10:50:44,south,1449,19.5993,6,6,10,0,3,0
385,2026-06-24 10:50:41,north,1446,48.2,8,1,30,0,1,0
384,2026-06-24 10:50:37,west,1440,48.048,4,0,13,0,0,2
383,2026-06-24 10:50:34,east,1437,47.9,2,6,4,0,3,0
382,2026-06-24 10:50:29,south,1434,19.0993,3,5,4,0,3,0
381,2026-06-24 10:50:28,north,1431,47.7,5,1,23,0,1,0
380,2026-06-24 10:50:25,west,1425,47.5475,5,0,25,0,0,0
379,2026-06-24 10:50:22,east,1422,47.4,4,6,9,0,2,0
378,2026-06-24 10:50:18,south,1419,18.5994,3,5,12,0,2,0
377,2026-06-24 10:50:16,north,1416,47.2,8,1,20,0,0,1
376,2026-06-24 10:50:14,west,1410,47.047,8,0,32,0,0,0
375,2026-06-24 10:50:12,east,1407,46.9,6,6,7,0,3,0
374,2026-06-24 10:50:08,south,1404,18.0994,4,5,10,0,3,0
373,2026-06-24 10:50:06,north,1401,46.7,7,1,21,0,0,0
372,2026-06-24 10:50:03,west,1395,46.5465,8,0,29,0,1,0
371,2026-06-24 10:50:00,east,1392,46.4,7,6,9,0,5,0
370,2026-06-24 10:49:55,south,1389,17.5994,3,5,7,0,4,0
369,2026-06-24 10:49:53,north,1386,46.2,4,1,15,0,2,5
368,2026-06-24 10:49:50,west,1380,46.046,5,0,22,0,0,0
367,2026-06-24 10:49:48,east,1377,45.9,6,5,10,0,7,0
366,2026-06-24 10:49:44,south,1374,17.0994,5,5,8,0,3,0
365,2026-06-24 10:49:39,north,1371,45.7,4,1,15,0,0,0
364,2026-06-24 10:49:37,west,1365,45.5455,5,0,19,0,0,0
363,2026-06-24 10:49:36,east,1362,45.4,7,4,9,0,7,0
362,2026-06-24 10:49:34,south,1359,16.5994,6,5,5,0,6,0
361,2026-06-24 10:49:33,north,1356,45.2,7,1,24,0,1,4
360,2026-06-24 10:49:32,west,1350,45.045,7,0,21,0,0,2
359,2026-06-24 10:49:30,east,1347,44.9,5,4,12,0,4,0
358,2026-06-24 10:49:28,south,1344,16.0994,4,5,12,0,4,0
357,2026-06-24 10:49:27,north,1341,44.7,11,1,28,0,0,10
356,2026-06-24 10:49:26,west,1335,44.5445,6,0,20,0,0,2
355,2026-06-24 10:49:24,east,1332,44.4,7,4,13,0,2,0
354,2026-06-24 10:49:22,south,1329,15.5995,7,5,17,0,4,0
353,2026-06-24 10:49:19,north,1326,44.2,7,1,26,0,2,2
352,2026-06-24 10:49:18,west,1320,44.044,4,0,17,0,0,0
351,2026-06-24 10:49:17,east,1317,43.9,8,4,12,0,3,0
350,2026-06-24 10:49:15,south,1314,15.0995,5,5,7,0,2,0
349,2026-06-24 10:49:14,north,1311,43.7,9,1,29,0,2,1
348,2026-06-24 10:49:13,west,1305,43.5435,3,0,11,0,0,1
347,2026-06-24 10:49:10,east,1302,43.4,6,4,10,0,3,0
346,2026-06-24 10:49:09,south,1299,14.5995,4,5,7,0,3,0
345,2026-06-24 10:49:07,north,1296,43.2,6,1,22,0,2,0
344,2026-06-24 10:49:06,west,1290,43.043,3,0,12,0,0,2
343,2026-06-24 10:49:05,east,1287,42.9,6,4,5,0,7,0
342,2026-06-24 10:49:03,south,1284,14.0995,5,5,4,0,4,0
341,2026-06-24 10:49:02,north,1281,42.7,8,1,25,0,0,3
340,2026-06-24 10:49:00,west,1275,42.5425,6,0,19,0,0,4
339,2026-06-24 10:48:59,east,1272,42.4,3,4,2,0,6,0
338,2026-06-24 10:48:58,south,1269,13.5995,6,5,8,0,3,0
337,2026-06-24 10:48:57,north,1266,42.2,6,1,16,0,0,1
336,2026-06-24 10:48:55,west,1260,42.042,4,0,16,0,0,7
335,2026-06-24 10:48:52,east,1257,41.9,3,4,10,0,2,0
334,2026-06-24 10:48:48,south,1254,13.0995,5,5,5,0,4,0
333,2026-06-24 10:48:44,north,1251,41.7,3,1,8,0,2,6
332,2026-06-24 10:48:41,west,1245,41.5415,3,0,10,0,0,2
331,2026-06-24 10:48:38,east,1242,41.4,3,4,8,0,1,0
330,2026-06-24 10:48:33,south,1239,12.5996,8,5,7,0,5,0
329,2026-06-24 10:48:31,north,1236,41.2,5,1,17,0,4,0
328,2026-06-24 10:48:28,west,1230,41.041,3,0,9,0,0,4
327,2026-06-24 10:48:22,east,1227,40.9,3,4,16,0,2,1
326,2026-06-24 10:48:19,south,1224,12.0996,5,5,12,0,1,0
325,2026-06-24 10:48:17,north,1221,40.7,3,1,18,0,0,0
324,2026-06-24 10:48:14,west,1215,40.5405,2,0,8,0,0,0
323,2026-06-24 10:48:11,east,1212,40.4,5,4,14,0,3,0
322,2026-06-24 10:48:08,south,1209,11.5996,9,5,14,0,2,0
321,2026-06-24 10:48:06,north,1206,40.2,6,1,22,0,0,3
320,2026-06-24 10:48:04,west,1200,40.04,2,0,8,0,0,0
319,2026-06-24 10:48:00,east,1197,39.9,5,3,15,0,1,0
318,2026-06-24 10:47:55,south,1194,11.0996,7,5,6,0,2,0
317,2026-06-24 10:47:53,north,1191,39.7,6,1,19,0,0,1
316,2026-06-24 10:47:50,west,1185,39.5395,2,0,7,0,0,0
315,2026-06-24 10:47:48,east,1182,39.4,6,3,8,0,2,1
314,2026-06-24 10:47:45,south,1179,10.5996,10,5,13,0,2,0
313,2026-06-24 10:47:43,north,1176,39.2,6,1,22,0,0,3
312,2026-06-24 10:47:40,west,1170,39.039,2,0,7,0,0,0
311,2026-06-24 10:47:38,east,1167,38.9,1,3,5,0,3,0
310,2026-06-24 10:47:35,south,1164,10.0996,6,5,13,0,2,0
309,2026-06-24 10:47:31,north,1161,38.7,6,1,19,0,0,0
308,2026-06-24 10:47:26,west,1155,38.5385,1,0,4,0,0,0
307,2026-06-24 10:47:23,east,1152,38.4,5,3,8,0,6,0
306,2026-06-24 10:47:18,south,1149,9.5997,8,5,8,0,3,0
305,2026-06-24 10:47:13,north,1146,38.2,9,1,28,0,0,2
304,2026-06-24 10:47:09,west,1140,38.038,2,0,10,0,0,2
303,2026-06-24 10:47:06,east,1137,37.9,5,2,5,0,5,1
302,2026-06-24 10:46:57,south,1134,9.0997,5,5,9,0,3,0
301,2026-06-24 10:46:55,north,1131,37.7,3,1,16,0,0,0
300,2026-06-24 10:46:54,west,1125,37.5375,2,0,3,0,0,2
299,2026-06-24 10:46:52,east,1122,37.4,3,2,4,0,3,1
298,2026-06-24 10:46:50,south,1119,8.5997,9,5,16,0,4,0
297,2026-06-24 10:46:48,north,1116,37.2,4,1,22,0,0,1
296,2026-06-24 10:46:47,west,1110,37.037,0,0,6,0,0,1
295,2026-06-24 10:46:46,east,1107,36.9,6,2,4,0,5,1
294,2026-06-24 10:46:44,south,1104,8.0997,9,5,6,0,6,0
293,2026-06-24 10:46:43,north,1101,36.7,5,1,17,0,0,4
292,2026-06-24 10:46:42,west,1095,36.5365,4,0,15,0,0,3
291,2026-06-24 10:46:41,east,1092,36.4,7,2,3,0,4,1
290,2026-06-24 10:46:39,south,1089,7.5997,9,5,10,0,4,0
289,2026-06-24 10:46:38,north,1086,36.2,3,1,18,0,2,1
288,2026-06-24 10:46:34,west,1080,36.036,3,0,16,0,0,0
287,2026-06-24 10:46:28,east,1077,35.9,6,2,7,0,4,1
286,2026-06-24 10:46:26,south,1074,7.0998,8,5,9,0,4,0
285,2026-06-24 10:46:25,north,1071,35.7,6,1,28,0,0,4
284,2026-06-24 10:46:23,west,1065,35.5355,5,0,24,0,0,0
283,2026-06-24 10:46:22,east,1062,35.4,7,2,10,0,4,0
282,2026-06-24 10:46:18,south,1059,6.5998,7,5,9,0,2,0
281,2026-06-24 10:46:17,north,1056,35.2,5,1,19,0,0,3
280,2026-06-24 10:46:16,west,1050,35.035,3,0,12,0,0,0
279,2026-06-24 10:46:15,east,1047,34.9,7,2,13,0,4,0
278,2026-06-24 10:46:13,south,1044,6.0998,6,5,8,0,6,1
277,2026-06-24 10:46:12,north,1041,34.7,7,1,16,0,5,0
276,2026-06-24 10:46:09,west,1035,34.5345,1,0,6,0,0,0
275,2026-06-24 10:46:08,east,1032,34.4,5,1,8,0,2,0
274,2026-06-24 10:46:06,south,1029,5.5998,5,5,7,0,4,0
273,2026-06-24 10:46:05,north,1026,34.2,6,1,15,0,3,0
272,2026-06-24 10:46:03,west,1020,34.034,2,0,6,0,0,0
271,2026-06-24 10:46:02,east,1017,33.9,3,1,7,0,3,0
270,2026-06-24 10:46:00,south,1014,5.0998,7,5,8,0,5,0
269,2026-06-24 10:45:59,north,1011,33.7,6,1,21,0,4,0
268,2026-06-24 10:45:57,west,1005,33.5335,1,0,4,0,0,0
267,2026-06-24 10:45:56,east,1002,33.4,2,1,7,0,2,0
266,2026-06-24 10:45:54,south,999,4.5998,7,5,10,0,5,0
265,2026-06-24 10:45:53,north,996,33.2,6,1,19,0,1,0
264,2026-06-24 10:45:51,west,990,33.033,4,0,10,0,0,1
263,2026-06-24 10:45:50,east,987,32.9,4,1,9,0,1,0
262,2026-06-24 10:45:48,south,984,4.0999,6,5,7,0,5,0
261,2026-06-24 10:45:47,north,981,32.7,3,1,11,0,0,0
260,2026-06-24 10:45:45,west,975,32.5325,3,0,10,0,0,2
259,2026-06-24 10:45:44,east,972,32.4,6,1,9,0,1,0
258,2026-06-24 10:45:42,south,969,3.5999,7,5,13,0,5,0
257,2026-06-24 10:45:41,north,966,32.2,6,1,11,0,4,0
256,2026-06-24 10:45:39,west,960,32.032,5,0,18,0,0,0
255,2026-06-24 10:45:37,east,957,31.9,4,1,5,0,1,0
254,2026-06-24 10:45:36,south,954,3.0999,8,4,14,0,3,4
253,2026-06-24 10:45:34,north,951,31.7,5,1,13,0,2,0
252,2026-06-24 10:45:33,west,945,31.5315,3,0,13,0,0,2
251,2026-06-24 10:45:32,east,942,31.4,2,1,5,0,2,0
250,2026-06-24 10:45:30,south,939,2.5999,10,4,14,0,2,1
249,2026-06-24 10:45:29,north,936,31.2,6,1,26,0,4,2
248,2026-06-24 10:45:27,west,930,31.031,2,0,4,0,0,3
247,2026-06-24 10:45:26,east,927,30.9,7,1,11,0,2,0
246,2026-06-24 10:45:25,south,924,2.0999,10,4,13,0,4,0
245,2026-06-24 10:45:23,north,921,30.7,11,1,29,0,2,1
244,2026-06-24 10:45:22,west,915,30.5305,2,0,8,0,0,3
243,2026-06-24 10:45:21,east,912,30.4,7,1,6,0,1,0
242,2026-06-24 10:45:19,south,909,1.5999,8,3,10,0,5,0
241,2026-06-24 10:45:18,north,906,30.2,10,1,24,0,3,0
240,2026-06-24 10:45:16,west,900,30.03,2,0,8,0,0,0
239,2026-06-24 10:45:13,east,897,29.9,3,1,12,0,1,0
238,2026-06-24 10:45:11,south,894,1.1,8,3,10,0,3,0
237,2026-06-24 10:45:10,north,891,29.7,5,1,17,0,3,0
236,2026-06-24 10:45:09,west,885,29.5295,1,0,7,0,0,1
235,2026-06-24 10:45:08,east,882,29.4,5,1,11,0,1,0
234,2026-06-24 10:45:06,south,879,0.6,9,3,15,0,5,0
233,2026-06-24 10:45:05,north,876,29.2,4,1,15,0,3,2
232,2026-06-24 10:45:04,west,870,29.029,2,0,9,0,0,0
231,2026-06-24 10:45:02,east,867,28.9,6,1,12,0,2,0
230,2026-06-24 10:45:00,south,864,0.1,11,3,18,0,5,0
229,2026-06-24 10:44:59,north,861,28.7,7,1,20,0,4,1
228,2026-06-24 10:44:58,west,855,28.5285,3,0,7,0,0,0
227,2026-06-24 10:44:57,east,852,28.4,4,0,13,0,2,0
226,2026-06-24 10:44:54,south,849,28.299,11,3,11,0,2,0
225,2026-06-24 10:44:52,north,846,28.2,7,1,22,0,3,2
224,2026-06-24 10:44:50,west,840,28.028,2,0,10,0,0,0
223,2026-06-24 10:44:46,east,837,27.9,4,0,9,0,0,0
222,2026-06-24 10:44:43,south,834,27.799,9,3,10,0,1,0
221,2026-06-24 10:44:42,north,831,27.7,7,1,22,0,2,0
220,2026-06-24 10:44:41,west,825,27.5275,2,0,7,0,0,4
219,2026-06-24 10:44:37,east,822,27.4,3,0,8,0,0,0
218,2026-06-24 10:44:32,south,819,27.299,5,3,9,0,1,0
217,2026-06-24 10:44:26,north,816,27.2,8,1,26,0,4,1
216,2026-06-24 10:44:24,west,810,27.027,3,0,8,0,0,2
215,2026-06-24 10:44:21,east,807,26.9,3,0,7,0,3,0
214,2026-06-24 10:44:18,south,804,26.7991,4,3,8,0,1,0
213,2026-06-24 10:44:16,north,801,26.7,8,1,26,0,3,0
212,2026-06-24 10:44:13,west,795,26.5265,3,0,14,0,0,3
211,2026-06-24 10:44:10,east,792,26.4,2,0,4,0,6,0
210,2026-06-24 10:44:08,south,789,26.2991,7,3,9,0,0,0
209,2026-06-24 10:44:06,north,786,26.2,9,1,18,0,6,0
208,2026-06-24 10:44:04,west,780,26.026,3,0,16,0,0,1
207,2026-06-24 10:44:01,east,777,25.9,4,0,7,0,2,0
206,2026-06-24 10:43:58,south,774,25.7991,5,3,8,0,2,0
205,2026-06-24 10:43:55,north,771,25.7,7,1,18,0,4,0
204,2026-06-24 10:43:53,west,765,25.5255,2,0,6,0,0,0
203,2026-06-24 10:43:50,east,762,25.4,1,0,3,0,2,0
202,2026-06-24 10:43:45,south,759,25.2991,7,3,11,0,2,0
201,2026-06-24 10:43:42,north,756,25.2,8,1,18,0,7,0
200,2026-06-24 10:43:40,west,750,25.025,3,0,10,0,0,0
199,2026-06-24 10:43:38,east,747,24.9,3,0,7,0,4,0
198,2026-06-24 10:43:35,south,744,24.7991,8,3,12,0,5,0
197,2026-06-24 10:43:32,north,741,24.7,6,1,25,0,3,0
196,2026-06-24 10:43:28,west,735,24.5245,2,0,7,0,0,0
195,2026-06-24 10:43:26,east,732,24.4,5,0,7,0,7,0
194,2026-06-24 10:43:22,south,729,24.2992,9,3,10,0,4,0
193,2026-06-24 10:43:19,north,726,24.2,6,1,22,0,3,1
192,2026-06-24 10:43:17,west,720,24.024,1,0,9,0,0,1
191,2026-06-24 10:43:16,east,717,23.9,3,0,9,0,1,0
190,2026-06-24 10:43:15,south,714,23.7992,8,3,10,0,3,0
189,2026-06-24 10:43:13,north,711,23.7,7,1,28,0,7,0
188,2026-06-24 10:43:12,west,705,23.5235,6,0,15,0,0,2
187,2026-06-24 10:43:11,east,702,23.4,1,0,6,0,0,0
186,2026-06-24 10:43:09,south,699,23.2992,6,3,12,0,1,0
185,2026-06-24 10:43:08,north,696,23.2,9,1,25,0,4,0
184,2026-06-24 10:43:07,west,690,23.023,5,0,17,0,0,0
183,2026-06-24 10:43:06,east,687,22.9,2,0,3,0,0,0
182,2026-06-24 10:43:04,south,684,22.7992,8,3,17,0,2,0
181,2026-06-24 10:43:02,north,681,22.7,7,1,20,0,6,0
180,2026-06-24 10:43:01,west,675,22.5225,7,0,22,0,0,5
179,2026-06-24 10:43:00,east,672,22.4,1,0,4,0,1,0
178,2026-06-24 10:42:58,south,669,22.2992,12,3,15,0,5,0
177,2026-06-24 10:42:56,north,666,22.2,6,1,24,0,2,0
176,2026-06-24 10:42:55,west,660,22.022,5,0,12,0,0,0
175,2026-06-24 10:42:54,east,657,21.9,0,0,2,0,0,0
174,2026-06-24 10:42:52,south,654,21.7992,12,3,19,0,3,2
173,2026-06-24 10:42:51,north,651,21.7,4,1,17,0,5,3
172,2026-06-24 10:42:50,west,645,21.5215,3,0,9,0,0,1
171,2026-06-24 10:42:49,east,642,21.4,2,0,5,0,2,0
170,2026-06-24 10:42:47,south,639,21.2993,13,3,14,0,6,1
169,2026-06-24 10:42:44,north,636,21.2,7,1,19,0,3,1
168,2026-06-24 10:42:41,west,630,21.021,1,0,8,0,0,0
167,2026-06-24 10:42:37,east,627,20.9,3,0,8,0,1,0
166,2026-06-24 10:42:32,south,624,20.7993,10,3,12,0,2,5
165,2026-06-24 10:42:30,north,621,20.7,7,1,16,0,7,3
164,2026-06-24 10:42:26,west,615,20.5205,4,0,11,0,0,3
163,2026-06-24 10:42:24,east,612,20.4,1,0,7,0,1,0
162,2026-06-24 10:42:20,south,609,20.2993,10,3,10,0,4,1
161,2026-06-24 10:42:17,north,606,20.2,5,1,18,0,2,0
160,2026-06-24 10:42:14,west,600,20.02,1,0,4,0,0,0
159,2026-06-24 10:42:11,east,597,19.9,4,0,8,0,5,1
158,2026-06-24 10:42:09,south,594,19.7993,8,3,15,0,3,0
157,2026-06-24 10:42:07,north,591,19.7,10,1,27,0,4,1
156,2026-06-24 10:42:03,west,585,19.5195,0,0,5,0,0,0
155,2026-06-24 10:42:00,east,582,19.4,4,0,8,0,3,1
154,2026-06-24 10:41:58,south,579,19.2993,5,3,4,0,2,0
153,2026-06-24 10:41:56,north,576,19.2,12,1,35,0,3,0
152,2026-06-24 10:41:53,west,570,19.019,0,0,0,0,0,0
151,2026-06-24 10:41:50,east,567,18.9,2,0,4,0,0,2
150,2026-06-24 10:41:46,south,564,18.7993,3,2,6,0,3,0
149,2026-06-24 10:41:44,north,561,18.7,12,1,49,0,0,0
148,2026-06-24 10:41:40,west,555,18.5185,0,0,2,0,0,0
147,2026-06-24 10:41:38,east,552,18.4,2,0,6,0,0,0
146,2026-06-24 10:41:34,south,549,18.2994,8,2,15,0,3,0
145,2026-06-24 10:41:31,north,546,18.2,13,1,43,0,1,1
144,2026-06-24 10:41:29,west,540,18.018,1,0,10,0,0,0
143,2026-06-24 10:41:28,east,537,17.9,1,0,2,0,0,1
142,2026-06-24 10:41:26,south,534,17.7994,7,2,7,0,3,0
141,2026-06-24 10:41:25,north,531,17.7,12,1,42,0,1,0
140,2026-06-24 10:41:21,west,525,17.5175,2,0,8,0,0,0
139,2026-06-24 10:41:18,east,522,17.4,3,0,4,0,3,0
138,2026-06-24 10:41:15,south,519,17.2994,3,2,8,0,3,0
137,2026-06-24 10:41:12,north,516,17.2,12,1,34,0,2,2
136,2026-06-24 10:41:04,west,510,17.017,1,0,5,0,0,0
135,2026-06-24 10:40:57,east,507,16.9,2,0,2,0,0,0
134,2026-06-24 10:40:53,south,504,16.7994,6,2,11,0,4,0
133,2026-06-24 10:40:51,north,501,16.7,7,1,26,0,4,3
132,2026-06-24 10:40:48,west,495,16.5165,0,0,3,0,0,0
131,2026-06-24 10:40:46,east,492,16.4,0,0,0,0,0,0
130,2026-06-24 10:40:43,south,489,16.2994,4,2,6,0,5,0
129,2026-06-24 10:40:42,north,486,16.2,8,1,22,0,2,0
128,2026-06-24 10:40:40,west,480,16.016,2,0,8,0,0,0
127,2026-06-24 10:40:38,east,477,15.9,0,0,3,0,0,0
126,2026-06-24 10:40:36,south,474,15.7994,7,2,15,0,3,0
125,2026-06-24 10:40:35,north,471,15.7,8,1,25,0,4,0
124,2026-06-24 10:40:32,west,465,15.5155,4,0,10,0,0,2
123,2026-06-24 10:40:30,east,462,15.4,1,0,5,0,0,0
122,2026-06-24 10:40:27,south,459,15.2995,7,2,10,0,4,0
121,2026-06-24 10:40:24,north,456,15.2,5,1,18,0,2,0
120,2026-06-24 10:40:22,west,450,15.015,3,0,13,0,0,2
119,2026-06-24 10:40:20,east,447,14.9,2,0,4,0,0,0
118,2026-06-24 10:40:18,south,444,14.7995,5,2,6,0,5,0
117,2026-06-24 10:40:16,north,441,14.7,8,1,32,0,0,0
116,2026-06-24 10:40:15,west,435,14.5145,7,0,25,0,0,1
115,2026-06-24 10:40:13,east,432,14.4,1,0,3,0,0,0
114,2026-06-24 10:40:09,south,429,14.2995,3,2,5,0,4,0
113,2026-06-24 10:40:08,north,426,14.2,6,1,25,0,0,1
112,2026-06-24 10:40:06,west,420,14.014,7,0,26,0,0,0
111,2026-06-24 10:40:05,east,417,13.9,0,0,1,0,0,0
110,2026-06-24 10:40:02,south,414,13.7995,4,2,6,0,3,0
109,2026-06-24 10:40:00,north,411,13.7,7,1,19,0,1,0
108,2026-06-24 10:39:58,west,405,13.5135,7,0,26,0,0,0
107,2026-06-24 10:39:56,east,402,13.4,1,0,1,0,1,0
106,2026-06-24 10:39:54,south,399,13.2995,5,2,6,0,5,0
105,2026-06-24 10:39:51,north,396,13.2,7,1,24,0,0,2
104,2026-06-24 10:39:50,west,390,13.013,9,0,22,0,1,2
103,2026-06-24 10:39:48,east,387,12.9,0,0,3,0,0,0
102,2026-06-24 10:39:45,south,384,12.7996,7,2,7,0,5,0
101,2026-06-24 10:39:42,north,381,12.7,6,1,22,0,2,0
100,2026-06-24 10:39:40,west,375,12.5125,4,0,11,1,0,0
99,2026-06-24 10:39:38,east,372,12.4,1,0,9,0,0,0
98,2026-06-24 10:39:35,south,369,12.2996,5,2,8,0,2,0
97,2026-06-24 10:39:33,north,366,12.2,7,1,21,0,3,2
96,2026-06-24 10:39:31,west,360,12.012,3,0,12,0,0,3
95,2026-06-24 10:39:29,east,357,11.9,5,0,21,0,0,0
94,2026-06-24 10:39:25,south,354,11.7996,8,2,13,0,2,0
93,2026-06-24 10:39:21,north,351,11.7,10,0,37,0,3,1
92,2026-06-24 10:39:18,west,345,11.5115,1,0,12,0,1,3
91,2026-06-24 10:39:16,east,342,11.4,3,0,13,0,6,0
90,2026-06-24 10:39:12,south,339,11.2996,9,2,8,0,2,0
89,2026-06-24 10:39:10,north,336,11.2,9,0,30,0,0,0
88,2026-06-24 10:39:08,west,330,11.011,4,0,11,0,0,5
87,2026-06-24 10:39:03,east,327,10.9,4,0,9,0,5,0
86,2026-06-24 10:38:58,south,324,10.7996,7,2,12,0,2,0
85,2026-06-24 10:38:55,north,321,10.7,7,0,18,0,1,4
84,2026-06-24 10:38:53,west,315,10.5105,5,0,17,0,0,3
83,2026-06-24 10:38:51,east,312,10.4,6,0,20,0,1,0
82,2026-06-24 10:38:49,south,309,10.2996,10,2,12,0,2,0
81,2026-06-24 10:38:46,north,306,10.2,8,0,25,0,1,0
80,2026-06-24 10:38:44,west,300,10.01,5,0,12,0,0,4
79,2026-06-24 10:38:37,east,297,9.9,6,0,22,0,3,0
78,2026-06-24 10:38:33,south,294,9.7997,11,2,11,0,3,0
77,2026-06-24 10:38:31,north,291,9.7,7,0,24,0,1,0
76,2026-06-24 10:38:29,west,285,9.5095,3,0,2,0,0,5
75,2026-06-24 10:38:26,east,282,9.4,9,0,21,0,4,4
74,2026-06-24 10:38:23,south,279,9.2997,7,2,8,0,3,0
73,2026-06-24 10:38:21,north,276,9.2,5,0,18,0,3,0
72,2026-06-24 10:38:19,west,270,9.009,1,0,2,0,0,2
71,2026-06-24 10:38:09,east,267,8.9,5,0,7,0,5,2
70,2026-06-24 10:38:04,south,264,8.7997,7,2,15,0,4,0
69,2026-06-24 10:37:55,north,261,8.7,6,0,18,0,4,0
68,2026-06-24 10:37:47,west,255,8.5085,1,0,0,0,0,2
67,2026-06-24 10:37:37,east,252,8.4,2,0,8,0,3,2
66,2026-06-24 10:37:30,south,249,8.2997,9,2,6,0,7,0
65,2026-06-24 10:37:28,north,246,8.2,10,0,23,0,4,4
64,2026-06-24 10:37:26,west,240,8.008,1,0,8,0,0,0
63,2026-06-24 10:37:23,east,237,7.9,2,0,8,0,0,0
62,2026-06-24 10:37:21,south,234,7.7997,4,2,7,0,5,0
61,2026-06-24 10:37:19,north,231,7.7,9,0,17,0,3,1
60,2026-06-24 10:37:18,west,225,7.5075,1,0,9,0,0,0
59,2026-06-24 10:37:17,east,222,7.4,3,0,11,0,4,0
58,2026-06-24 10:37:15,south,219,7.2997,8,2,7,0,4,0
57,2026-06-24 10:37:14,north,216,7.2,7,0,29,0,2,0
56,2026-06-24 10:37:12,west,210,7.007,3,0,11,0,0,0
55,2026-06-24 10:37:11,east,207,6.9,3,0,13,0,1,0
54,2026-06-24 10:37:09,south,204,6.7998,7,2,9,0,4,0
53,2026-06-24 10:37:08,north,201,6.7,7,0,26,0,2,0
52,2026-06-24 10:37:06,west,195,6.5065,3,0,14,0,0,0
51,2026-06-24 10:37:05,east,192,6.4,6,0,13,0,0,0
50,2026-06-24 10:37:02,south,189,6.2998,4,2,6,0,5,0
49,2026-06-24 10:37:01,north,186,6.2,7,0,25,0,4,0
48,2026-06-24 10:36:59,west,180,6.006,6,0,21,0,0,1
47,2026-06-24 10:36:58,east,177,5.9,3,0,8,0,0,0
46,2026-06-24 10:36:56,south,174,5.7998,9,2,7,0,4,1
45,2026-06-24 10:36:55,north,171,5.7,6,0,25,0,3,0
44,2026-06-24 10:36:54,west,165,5.5055,6,0,22,0,0,1
43,2026-06-24 10:36:52,east,162,5.4,5,0,13,0,0,0
42,2026-06-24 10:36:50,south,159,5.2998,6,2,9,0,5,0
41,2026-06-24 10:36:48,north,156,5.2,2,0,11,0,3,0
40,2026-06-24 10:36:46,west,150,5.005,6,0,22,0,0,0
39,2026-06-24 10:36:43,east,147,4.9,1,0,2,0,2,0
38,2026-06-24 10:36:41,south,144,4.7998,7,2,10,0,6,0
37,2026-06-24 10:36:40,north,141,4.7,5,0,17,0,3,1
36,2026-06-24 10:36:37,west,135,4.5045,7,0,30,0,0,0
35,2026-06-24 10:36:36,east,132,4.4,1,0,1,0,0,0
34,2026-06-24 10:36:33,south,129,4.2999,6,2,8,0,7,0
33,2026-06-24 10:36:32,north,126,4.2,6,0,20,0,1,3
32,2026-06-24 10:36:29,west,120,4.004,6,0,24,0,0,0
31,2026-06-24 10:36:25,east,117,3.9,0,0,2,0,0,0
30,2026-06-24 10:36:23,south,114,3.7999,6,2,11,0,5,0
29,2026-06-24 10:36:22,north,111,3.7,4,0,24,0,1,0
28,2026-06-24 10:36:20,west,105,3.5035,6,0,22,0,0,0
27,2026-06-24 10:36:18,east,102,3.4,1,0,4,0,0,0
26,2026-06-24 10:36:15,south,99,3.2999,11,1,15,0,4,3
25,2026-06-24 10:36:14,north,96,3.2,6,0,22,0,1,1
24,2026-06-24 10:36:12,west,90,3.003,3,0,16,0,0,3
23,2026-06-24 10:36:10,east,87,2.9,2,0,3,0,1,0
22,2026-06-24 10:36:07,south,84,2.7999,11,1,15,0,3,2
21,2026-06-24 10:36:05,north,81,2.7,9,0,26,0,1,1
20,2026-06-24 10:36:03,west,75,2.5025,2,0,11,0,0,0
19,2026-06-24 10:36:00,east,72,2.4,2,0,7,0,1,0
18,2026-06-24 10:35:58,south,69,2.2999,7,1,16,0,4,0
17,2026-06-24 10:35:56,north,66,2.2,4,0,23,0,0,1
16,2026-06-24 10:35:53,west,60,2.002,3,0,18,0,0,1
15,2026-06-24 10:35:51,east,57,1.9,5,0,14,0,2,0
14,2026-06-24 10:35:49,south,54,1.7999,8,0,9,0,5,0
13,2026-06-24 10:35:48,north,51,1.7,6,0,24,0,1,1
12,2026-06-24 10:35:45,west,45,1.5015,2,0,16,0,0,0
11,2026-06-24 10:35:44,east,42,1.4,5,0,13,0,2,0
10,2026-06-24 10:35:42,south,39,1.3,11,0,12,0,4,0
9,2026-06-24 10:35:41,north,36,1.2,10,0,39,0,0,0
8,2026-06-24 10:35:38,west,30,1.001,5,0,12,0,0,0
7,2026-06-24 10:35:37,east,27,0.9,5,0,8,0,1,0
6,2026-06-24 10:35:36,south,24,0.8,9,0,16,0,5,1
5,2026-06-24 10:35:34,north,21,0.7,7,0,32,0,0,2
4,2026-06-24 10:35:33,west,15,0.5005,4,0,12,0,0,0
3,2026-06-24 10:35:31,east,12,0.4,2,0,6,0,1,0
2,2026-06-24 10:35:30,south,9,0.3,9,0,9,0,7,1
1,2026-06-24 10:35:28,north,6,0.2,10,0,21,0,0,1
